County,State,Population,Income
Autauga,Alabama,59095,62660.0
Baldwin,Alabama,239294,64346.0
Barbour,Alabama,24964,36422.0
Bibb,Alabama,22477,54277.0
Blount,Alabama,59041,52830.0
Bullock,Alabama,10320,29063.0
Butler,Alabama,18884,45236.0
Calhoun,Alabama,115972,50977.0
Chambers,Alabama,34541,47232.0
Cherokee,Alabama,24996,43475.0
Chilton,Alabama,45274,56243.0
Choctaw,Alabama,12533,38581.0
Clarke,Alabama,22760,44108.0
Clay,Alabama,14190,45163.0
Cleburne,Alabama,15103,48333.0
Coffee,Alabama,54174,59034.0
Colbert,Alabama,57474,52017.0
Conecuh,Alabama,11328,37986.0
Coosa,Alabama,10450,50013.0
Covington,Alabama,37524,46186.0
Crenshaw,Alabama,13083,43103.0
Cullman,Alabama,89496,52690.0
Dale,Alabama,49342,50052.0
Dallas,Alabama,37619,34957.0
DeKalb,Alabama,71813,44037.0
Elmore,Alabama,89304,67597.0
Escambia,Alabama,36699,38464.0
Etowah,Alabama,103162,46984.0
Fayette,Alabama,16148,43960.0
Franklin,Alabama,32013,43633.0
Geneva,Alabama,26701,43581.0
Greene,Alabama,7629,28826.0
Hale,Alabama,14754,32294.0
Henry,Alabama,17459,55870.0
Houston,Alabama,107458,50222.0
Jackson,Alabama,52773,43785.0
Jefferson,Alabama,667820,58330.0
Lamar,Alabama,13689,43324.0
Lauderdale,Alabama,94043,50000.0
Lawrence,Alabama,33090,51712.0
Lee,Alabama,177218,57191.0
Limestone,Alabama,107517,70736.0
Lowndes,Alabama,9965,31961.0
Macon,Alabama,18895,39303.0
Madison,Alabama,395211,71153.0
Marengo,Alabama,18996,35379.0
Marion,Alabama,29246,44551.0
Marshall,Alabama,98228,52938.0
Mobile,Alabama,413073,51169.0
Monroe,Alabama,19648,32631.0
Montgomery,Alabama,227434,52511.0
Morgan,Alabama,123668,56128.0
Perry,Alabama,8355,27057.0
Pickens,Alabama,18801,43389.0
Pike,Alabama,32991,40106.0
Randolph,Alabama,21989,47081.0
Russell,Alabama,58722,44065.0
St. Clair,Alabama,92748,65070.0
Shelby,Alabama,226902,82592.0
Sumter,Alabama,12164,27099.0
Talladega,Alabama,81524,45400.0
Tallapoosa,Alabama,41023,50652.0
Tuscaloosa,Alabama,227007,57508.0
Walker,Alabama,64818,47442.0
Washington,Alabama,15147,44512.0
Wilcox,Alabama,10446,36385.0
Winston,Alabama,23652,46096.0
Aleutians East ,Alaska,3398,72258.0
Aleutians West Cens,Alaska,5059,90708.0
Anchorage munic,Alaska,288121,88871.0
Bethel Cens,Alaska,18557,57460.0
Bristol Bay ,Alaska,838,81563.0
Chugach Cens,Alaska,6941,87868.0
Copper River Cens,Alaska,2630,67439.0
Denali ,Alaska,1593,78750.0
Dillingham Cens,Alaska,4772,62115.0
Fairbanks North Star ,Alaska,95593,78321.0
Haines ,Alaska,2071,63355.0
Hoonah-Angoon Cens,Alaska,2332,55990.0
Juneau  and ,Alaska,31973,90126.0
Kenai Peninsula ,Alaska,59767,70609.0
Ketchikan Gateway ,Alaska,13754,77820.0
Kodiak Island ,Alaska,12787,83765.0
Kusilvak Cens,Alaska,8360,37975.0
Lake and Peninsula ,Alaska,1416,49688.0
Matanuska-Susitna ,Alaska,110686,79300.0
Nome Cens,Alaska,9865,63977.0
North Slope ,Alaska,10972,83992.0
Northwest Arctic ,Alaska,7560,68654.0
Petersburg ,Alaska,3356,71696.0
Prince of Wales-Hyder Cens,Alaska,5729,55857.0
Sitka  and ,Alaska,8407,82083.0
Skagway Munic,Alaska,1132,75000.0
Southeast Fairbanks Cens,Alaska,6970,68634.0
Wrangell City and ,Alaska,2055,54891.0
Yakutat City and ,Alaska,704,72083.0
Yukon-Koyukuk Cens,Alaska,5275,43405.0
Apache,Arizona,65623,34788.0
Cochise,Arizona,126050,55077.0
Coconino,Arizona,145052,61888.0
Gila,Arizona,53589,51406.0
Graham,Arizona,39050,57105.0
Greenlee,Arizona,9404,67723.0
La Paz,Arizona,16408,39732.0
Maricopa,Arizona,4496588,72944.0
Mohave,Arizona,217692,49738.0
Navajo,Arizona,108147,46126.0
Pima,Arizona,1052030,59215.0
Pinal,Arizona,449557,65488.0
Santa Cruz,Arizona,47883,45089.0
Yavapai,Arizona,242253,56170.0
Yuma,Arizona,206990,52563.0
Arkansas,Arkansas,16722,55022.0
Ashley,Arkansas,18674,42683.0
Baxter,Arkansas,42144,43530.0
Benton,Arkansas,293692,76887.0
Boone,Arkansas,37830,48625.0
Bradley,Arkansas,10408,41972.0
Calhoun,Arkansas,4741,55904.0
Carroll,Arkansas,28435,53366.0
Chicot,Arkansas,10019,33770.0
Clark,Arkansas,21321,45351.0
Clay,Arkansas,14350,39817.0
Cleburne,Arkansas,25015,48400.0
Cleveland,Arkansas,7514,48183.0
Columbia,Arkansas,22672,41115.0
Conway,Arkansas,20873,45812.0
Craighead,Arkansas,112218,51788.0
Crawford,Arkansas,60378,52057.0
Crittenden,Arkansas,47525,46452.0
Cross,Arkansas,16681,45247.0
Dallas,Arkansas,6308,34337.0
Desha,Arkansas,11090,33295.0
Drew,Arkansas,17110,42891.0
Faulkner,Arkansas,125106,54845.0
Franklin,Arkansas,17173,42128.0
Fulton,Arkansas,12145,36950.0
Garland,Arkansas,100330,49985.0
Grant,Arkansas,18090,62479.0
Greene,Arkansas,46317,51367.0
Hempstead,Arkansas,19694,43592.0
Hot Spring,Arkansas,33148,46724.0
Howard,Arkansas,12698,39558.0
Independence,Arkansas,37723,50028.0
Izard,Arkansas,13911,45318.0
Jackson,Arkansas,16811,39154.0
Jefferson,Arkansas,65861,43720.0
Johnson,Arkansas,25845,40628.0
Lafayette,Arkansas,6163,36083.0
Lawrence,Arkansas,16292,40746.0
Lee,Arkansas,8619,29082.0
Lincoln,Arkansas,13037,49474.0
Little River,Arkansas,11944,57614.0
Logan,Arkansas,21215,46570.0
Lonoke,Arkansas,74722,62561.0
Madison,Arkansas,16960,47862.0
Marion,Arkansas,16978,41038.0
Miller,Arkansas,42649,46610.0
Mississippi,Arkansas,39661,45740.0
Monroe,Arkansas,6683,41667.0
Montgomery,Arkansas,8611,41032.0
Nevada,Arkansas,8187,42670.0
Newton,Arkansas,7204,42817.0
Ouachita,Arkansas,22306,43338.0
Perry,Arkansas,9964,47500.0
Phillips,Arkansas,15906,32235.0
Pike,Arkansas,10066,46672.0
Poinsett,Arkansas,22660,42854.0
Polk,Arkansas,19353,43444.0
Pope,Arkansas,63789,47322.0
Prairie,Arkansas,8135,47335.0
Pulaski,Arkansas,397821,55235.0
Randolph,Arkansas,18865,42225.0
St. Francis,Arkansas,22739,34981.0
Saline,Arkansas,125233,68605.0
Scott,Arkansas,9822,43577.0
Searcy,Arkansas,7880,39627.0
Sebastian,Arkansas,128400,50226.0
Sevier,Arkansas,15783,49470.0
Sharp,Arkansas,17622,37361.0
Stone,Arkansas,12481,32813.0
Union,Arkansas,38340,46444.0
Van Buren,Arkansas,15694,40763.0
Washington,Arkansas,250057,56610.0
White,Arkansas,77207,46345.0
Woodruff,Arkansas,6116,43717.0
Yell,Arkansas,20155,51070.0
Alameda,California,1648556,112017.0
Alpine,California,1235,96000.0
Amador,California,41259,69955.0
Butte,California,208309,59863.0
Calaveras,California,46221,70119.0
Colusa,California,21917,61861.0
Contra Costa,California,1161413,110455.0
Del Norte,California,28100,53280.0
El Dorado,California,193221,88770.0
Fresno,California,1013581,61276.0
Glenn,California,28805,56332.0
Humboldt,California,136310,53350.0
Imperial,California,179851,49078.0
Inyo,California,18970,60925.0
Kern,California,917673,58824.0
Kings,California,153443,63267.0
Lake,California,68766,53399.0
Lassen,California,33159,59292.0
Los Angeles,California,9829544,76367.0
Madera,California,159410,66709.0
Marin,California,260206,131008.0
Mariposa,California,17147,53304.0
Mendocino,California,91305,56378.0
Merced,California,286461,58861.0
Modoc,California,8661,51090.0
Mono,California,13247,71138.0
Monterey,California,437325,82013.0
Napa,California,136207,97498.0
Nevada,California,103487,74617.0
Orange,California,3167809,100485.0
Placer,California,412300,99734.0
Plumas,California,19915,57885.0
Riverside,California,2458395,76066.0
Sacramento,California,1588921,76422.0
San Benito,California,66677,95606.0
San Bernardino,California,2194710,70287.0
San Diego,California,3286069,88240.0
San Francisco,California,815201,126187.0
San Joaquin,California,789410,74962.0
San Luis Obispo,California,283159,82514.0
San Mateo,California,737888,136837.0
Santa Barbara,California,446475,84356.0
Santa Clara,California,1885508,140258.0
Santa Cruz,California,267792,96093.0
Shasta,California,182139,61937.0
Sierra,California,3283,56152.0
Siskiyou,California,44118,49857.0
Solano,California,451716,89648.0
Sonoma,California,485887,91607.0
Stanislaus,California,552999,68368.0
Sutter,California,99063,67003.0
Tehama,California,65498,52901.0
Trinity,California,16060,42206.0
Tulare,California,477054,57394.0
Tuolumne,California,55810,66846.0
Ventura,California,839784,94150.0
Yolo,California,216986,78386.0
Yuba,California,83421,62666.0
Adams,Colorado,522140,78304.0
Alamosa,Colorado,16547,46217.0
Arapahoe,Colorado,654900,84947.0
Archuleta,Colorado,13790,62907.0
Baca,Colorado,3514,39891.0
Bent,Colorado,5759,40972.0
Boulder,Colorado,329543,92466.0
Broomfield,Colorado,75325,107570.0
Chaffee,Colorado,20074,61216.0
Cheyenne,Colorado,1707,69063.0
Clear Creek,Colorado,9446,76313.0
Conejos,Colorado,7612,38536.0
Costilla,Colorado,3625,35000.0
Crowley,Colorado,6012,37870.0
Custer,Colorado,5045,59877.0
Delta,Colorado,31661,51803.0
Denver,Colorado,711463,78177.0
Dolores,Colorado,2397,62500.0
Douglas,Colorado,368990,127443.0
Eagle,Colorado,55727,91338.0
Elbert,Colorado,27128,114904.0
El Paso,Colorado,737867,75909.0
Fremont,Colorado,49661,53411.0
Garfield,Colorado,62161,77212.0
Gilpin,Colorado,5873,96784.0
Grand,Colorado,15860,69353.0
Gunnison,Colorado,17281,63341.0
Hinsdale,Colorado,781,45714.0
Huerfano,Colorado,6920,45724.0
Jackson,Colorado,1363,44667.0
Jefferson,Colorado,579581,93933.0
Kiowa,Colorado,1452,45476.0
Kit Carson,Colorado,6950,52917.0
Lake,Colorado,7407,73099.0
La Plata,Colorado,56250,75089.0
Larimer,Colorado,362533,80664.0
Las Animas,Colorado,14633,45118.0
Lincoln,Colorado,5688,46894.0
Logan,Colorado,21487,50998.0
Mesa,Colorado,157335,62127.0
Mineral,Colorado,924,55556.0
Moffat,Colorado,13185,58583.0
Montezuma,Colorado,26175,58335.0
Montrose,Colorado,43168,57225.0
Morgan,Colorado,29008,62914.0
Otero,Colorado,18594,45826.0
Ouray,Colorado,5035,67228.0
Park,Colorado,17720,77775.0
Phillips,Colorado,4512,50951.0
Pitkin,Colorado,17348,92708.0
Prowers,Colorado,11996,44984.0
Pueblo,Colorado,169622,53430.0
Rio Blanco,Colorado,6476,58239.0
Rio Grande,Colorado,11408,50287.0
Routt,Colorado,25091,83725.0
Saguache,Colorado,6471,48413.0
San Juan,Colorado,733,63333.0
San Miguel,Colorado,8074,70965.0
Sedgwick,Colorado,2336,44405.0
Summit,Colorado,30941,93505.0
Teller,Colorado,24926,68677.0
Washington,Colorado,4861,54141.0
Weld,Colorado,340036,80843.0
Yuma,Colorado,9941,56327.0
Fairfield,Connecticut,959768,101194.0
Hartford,Connecticut,896854,80320.0
Litchfield,Connecticut,185000,84797.0
Middlesex,Connecticut,164759,90833.0
New Haven,Connecticut,863700,75043.0
New London,Connecticut,268805,79040.0
Tolland,Connecticut,150293,88525.0
Windham,Connecticut,116418,71418.0
Kent,Delaware,184149,63715.0
New Castle,Delaware,571708,78428.0
Sussex,Delaware,247527,68886.0
Alachua,Florida,279238,53314.0
Baker,Florida,28715,63860.0
Bay,Florida,179168,60473.0
Bradford,Florida,28540,48803.0
Brevard,Florida,616628,63632.0
Broward,Florida,1930983,64522.0
Calhoun,Florida,13641,38098.0
Charlotte,Florida,194843,57887.0
Citrus,Florida,158083,48664.0
Clay,Florida,222361,74059.0
Collier,Florida,385980,75543.0
Columbia,Florida,70385,47750.0
DeSoto,Florida,34408,39945.0
Dixie,Florida,17102,44287.0
Duval,Florida,999935,59541.0
Escambia,Florida,322390,56605.0
Flagler,Florida,120932,62305.0
Franklin,Florida,12572,52679.0
Gadsden,Florida,43714,42661.0
Gilchrist,Florida,18360,50983.0
Glades,Florida,12234,38088.0
Gulf,Florida,14363,53812.0
Hamilton,Florida,13993,39346.0
Hardee,Florida,25425,41395.0
Hendry,Florida,40313,38843.0
Hernando,Florida,200638,53301.0
Highlands,Florida,103296,46895.0
Hillsborough,Florida,1478194,64164.0
Holmes,Florida,19784,41809.0
Indian River,Florida,163662,61594.0
Jackson,Florida,47694,43416.0
Jefferson,Florida,14555,53080.0
Lafayette,Florida,8382,56458.0
Lake,Florida,395804,60013.0
Lee,Florida,787976,63235.0
Leon,Florida,292817,57359.0
Levy,Florida,44158,43029.0
Liberty,Florida,7900,42438.0
Madison,Florida,18288,39503.0
Manatee,Florida,412703,64964.0
Marion,Florida,385915,50808.0
Martin,Florida,159942,69769.0
Miami-Dade,Florida,2662777,57815.0
Monroe,Florida,82170,73153.0
Nassau,Florida,94189,77504.0
Okaloosa,Florida,213255,67390.0
Okeechobee,Florida,40266,47020.0
Orange,Florida,1422746,65784.0
Osceola,Florida,403282,58513.0
Palm Beach,Florida,1497987,68874.0
Pasco,Florida,584067,58084.0
Pinellas,Florida,956615,60451.0
Polk,Florida,753520,55099.0
Putnam,Florida,74167,39975.0
St. Johns,Florida,292466,88794.0
St. Lucie,Florida,343579,59807.0
Santa Rosa,Florida,193998,77260.0
Sarasota,Florida,447057,69490.0
Seminole,Florida,470093,73002.0
Sumter,Florida,135638,63323.0
Suwannee,Florida,44485,47218.0
Taylor,Florida,21815,43563.0
Union,Florida,16335,55463.0
Volusia,Florida,564412,56786.0
Wakulla,Florida,34690,72941.0
Walton,Florida,80069,68111.0
Washington,Florida,25436,41806.0
Appling,Georgia,18488,39588.0
Atkinson,Georgia,8391,35741.0
Bacon,Georgia,11079,40391.0
Baker,Georgia,2819,33417.0
Baldwin,Georgia,43781,50413.0
Banks,Georgia,18562,57893.0
Barrow,Georgia,86658,68365.0
Bartow,Georgia,110843,65559.0
Ben Hill,Georgia,17158,34455.0
Berrien,Georgia,18147,44907.0
Bibb,Georgia,156762,43862.0
Bleckley,Georgia,12607,48786.0
Brantley,Georgia,18101,38211.0
Brooks,Georgia,16270,39770.0
Bryan,Georgia,46938,81032.0
Bulloch,Georgia,82442,50583.0
Burke,Georgia,24310,47837.0
Butts,Georgia,25781,53613.0
Calhoun,Georgia,5509,43549.0
Camden,Georgia,55664,61636.0
Candler,Georgia,11037,36763.0
Carroll,Georgia,121968,62498.0
Catoosa,Georgia,68397,62669.0
Charlton,Georgia,12766,45494.0
Chatham,Georgia,296329,61064.0
Chattahoochee,Georgia,9048,50018.0
Chattooga,Georgia,24932,37946.0
Cherokee,Georgia,274615,90681.0
Clarke,Georgia,128711,44070.0
Clay,Georgia,2882,35893.0
Clayton,Georgia,297100,51945.0
Clinch,Georgia,6725,47750.0
Cobb,Georgia,766802,86013.0
Coffee,Georgia,43386,44450.0
Colquitt,Georgia,45812,41623.0
Columbia,Georgia,159639,85928.0
Cook,Georgia,17225,45702.0
Coweta,Georgia,149956,83486.0
Crawford,Georgia,12153,53132.0
Crisp,Georgia,19879,41605.0
Dade,Georgia,16326,47675.0
Dawson,Georgia,28497,77630.0
Decatur,Georgia,29038,45134.0
DeKalb,Georgia,757718,69423.0
Dodge,Georgia,19759,41362.0
Dooly,Georgia,10885,39641.0
Dougherty,Georgia,84844,42225.0
Douglas,Georgia,145814,67731.0
Early,Georgia,10619,39665.0
Echols,Georgia,3699,45151.0
Effingham,Georgia,66741,72279.0
Elbert,Georgia,19579,39904.0
Emanuel,Georgia,22716,42880.0
Evans,Georgia,10672,49325.0
Fannin,Georgia,25817,49810.0
Fayette,Georgia,120574,96084.0
Floyd,Georgia,98771,52388.0
Forsyth,Georgia,260206,120999.0
Franklin,Georgia,23785,49636.0
Fulton,Georgia,1065334,77635.0
Gilmer,Georgia,32026,60504.0
Glascock,Georgia,2919,53125.0
Glynn,Georgia,84739,60775.0
Gordon,Georgia,58237,50520.0
Grady,Georgia,25918,47721.0
Greene,Georgia,19536,65759.0
Gwinnett,Georgia,964546,75853.0
Habersham,Georgia,46774,56680.0
Hall,Georgia,207369,67571.0
Hancock,Georgia,8630,33946.0
Haralson,Georgia,30572,57752.0
Harris,Georgia,35626,82244.0
Hart,Georgia,26409,54506.0
Heard,Georgia,11565,55635.0
Henry,Georgia,245235,73491.0
Houston,Georgia,166829,70313.0
Irwin,Georgia,9618,42312.0
Jackson,Georgia,80286,73455.0
Jasper,Georgia,15278,52322.0
Jeff Davis,Georgia,14872,39668.0
Jefferson,Georgia,15524,42238.0
Jenkins,Georgia,8639,29061.0
Johnson,Georgia,9160,46292.0
Jones,Georgia,28400,61701.0
Lamar,Georgia,19080,53802.0
Lanier,Georgia,9907,33956.0
Laurens,Georgia,49547,42315.0
Lee,Georgia,33411,74935.0
Liberty,Georgia,65711,50617.0
Lincoln,Georgia,7749,44087.0
Long,Georgia,17152,52742.0
Lowndes,Georgia,119276,48703.0
Lumpkin,Georgia,34278,64179.0
McDuffie,Georgia,21633,50721.0
McIntosh,Georgia,11123,49951.0
Macon,Georgia,12004,33163.0
Madison,Georgia,30885,51854.0
Marion,Georgia,7440,47250.0
Meriwether,Georgia,20793,46789.0
Miller,Georgia,5919,51983.0
Mitchell,Georgia,21521,43427.0
Monroe,Georgia,28712,67154.0
Montgomery,Georgia,8653,48717.0
Morgan,Georgia,20635,71000.0
Murray,Georgia,39951,53821.0
Muscogee,Georgia,205617,50542.0
Newton,Georgia,115355,64767.0
Oconee,Georgia,43023,106165.0
Oglethorpe,Georgia,15140,58791.0
Paulding,Georgia,173780,80234.0
Peach,Georgia,28417,53215.0
Pickens,Georgia,34024,71637.0
Pierce,Georgia,19976,50820.0
Pike,Georgia,19477,76152.0
Polk,Georgia,43496,48958.0
Pulaski,Georgia,9917,44946.0
Putnam,Georgia,22585,55757.0
Quitman,Georgia,2243,31594.0
Rabun,Georgia,17119,48652.0
Randolph,Georgia,6287,28870.0
Richmond,Georgia,205673,46237.0
Rockdale,Georgia,94082,64230.0
Schley,Georgia,4478,50586.0
Screven,Georgia,14105,43167.0
Seminole,Georgia,9197,40579.0
Spalding,Georgia,67909,51972.0
Stephens,Georgia,26865,50194.0
Stewart,Georgia,5341,39020.0
Sumter,Georgia,29283,36687.0
Talbot,Georgia,5742,40719.0
Taliaferro,Georgia,1558,39670.0
Tattnall,Georgia,23052,49977.0
Taylor,Georgia,7799,36293.0
Telfair,Georgia,12414,42971.0
Terrell,Georgia,8964,38879.0
Thomas,Georgia,45842,52315.0
Tift,Georgia,41212,46245.0
Toombs,Georgia,26911,42975.0
Towns,Georgia,12875,53084.0
Treutlen,Georgia,6306,35441.0
Troup,Georgia,69720,49042.0
Turner,Georgia,8966,35828.0
Twiggs,Georgia,7856,45824.0
Union,Georgia,25521,52509.0
Upson,Georgia,27720,43257.0
Walker,Georgia,68510,48633.0
Walton,Georgia,99853,71692.0
Ware,Georgia,36033,39419.0
Warren,Georgia,5240,37309.0
Washington,Georgia,19785,39350.0
Wayne,Georgia,30380,45115.0
Webster,Georgia,2367,32083.0
Wheeler,Georgia,7471,26776.0
White,Georgia,28442,64729.0
Whitfield,Georgia,102848,52439.0
Wilcox,Georgia,8739,41406.0
Wilkes,Georgia,9513,43859.0
Wilkinson,Georgia,8831,34680.0
Worth,Georgia,20554,54791.0
Hawaii,Hawaii,202906,68399.0
Honolulu,Hawaii,1000890,92600.0
Kalawao,Hawaii,82,79583.0
Kauai,Hawaii,73454,86287.0
Maui,Hawaii,164221,88249.0
Ada,Idaho,511931,75115.0
Adams,Idaho,4625,52746.0
Bannock,Idaho,88263,56472.0
Bear Lake,Idaho,6545,60337.0
Benewah,Idaho,9931,50257.0
Bingham,Idaho,48876,63106.0
Blaine,Idaho,24766,71749.0
Boise,Idaho,8094,64125.0
Bonner,Idaho,49491,55206.0
Bonneville,Idaho,127930,64928.0
Boundary,Idaho,12561,51261.0
Butte,Idaho,2654,41552.0
Camas,Idaho,1139,37367.0
Canyon,Idaho,243115,60716.0
Caribou,Idaho,7111,65528.0
Cassia,Idaho,25164,57547.0
Clark,Idaho,792,48088.0
Clearwater,Idaho,8895,50787.0
Custer,Idaho,4428,47663.0
Elmore,Idaho,28827,48475.0
Franklin,Idaho,14666,56677.0
Fremont,Idaho,13592,61875.0
Gem,Idaho,19792,59957.0
Gooding,Idaho,15772,56734.0
Idaho,Idaho,17040,47508.0
Jefferson,Idaho,32202,69097.0
Jerome,Idaho,24662,61280.0
Kootenai,Idaho,179789,64936.0
Latah,Idaho,40313,56673.0
Lemhi,Idaho,8162,46105.0
Lewis,Idaho,3715,44028.0
Lincoln,Idaho,5282,55988.0
Madison,Idaho,53881,53498.0
Minidoka,Idaho,21955,56140.0
Nez Perce,Idaho,42454,61810.0
Oneida,Idaho,4611,64766.0
Owyhee,Idaho,12336,54669.0
Payette,Idaho,26350,59540.0
Power,Idaho,7950,52116.0
Shoshone,Idaho,13612,43188.0
Teton,Idaho,12267,75837.0
Twin Falls,Idaho,92243,57430.0
Valley,Idaho,12241,67528.0
Washington,Idaho,10898,45065.0
Adams,Illinois,64954,58587.0
Alexander,Illinois,5030,39871.0
Bond,Illinois,16596,53654.0
Boone,Illinois,53159,74076.0
Brown,Illinois,6421,59346.0
Bureau,Illinois,32883,59407.0
Calhoun,Illinois,4369,74792.0
Carroll,Illinois,15698,54959.0
Cass,Illinois,12773,58364.0
Champaign,Illinois,205943,56939.0
Christian,Illinois,33662,53188.0
Clark,Illinois,15300,66067.0
Clay,Illinois,13143,53900.0
Clinton,Illinois,36793,72468.0
Coles,Illinois,46765,48534.0
Cook,Illinois,5173146,72121.0
Crawford,Illinois,18659,54942.0
Cumberland,Illinois,10345,66530.0
DeKalb,Illinois,100414,64019.0
De Witt,Illinois,15341,60401.0
Douglas,Illinois,19722,63142.0
DuPage,Illinois,924885,100292.0
Edgar,Illinois,16520,50843.0
Edwards,Illinois,6075,55833.0
Effingham,Illinois,34430,65590.0
Fayette,Illinois,21384,47744.0
Ford,Illinois,13511,55011.0
Franklin,Illinois,37442,47751.0
Fulton,Illinois,33197,53441.0
Gallatin,Illinois,4903,52597.0
Greene,Illinois,11843,54427.0
Grundy,Illinois,52989,81764.0
Hamilton,Illinois,7911,58306.0
Hancock,Illinois,17400,58188.0
Hardin,Illinois,3650,51738.0
Henderson,Illinois,6312,62202.0
Henry,Illinois,48907,62097.0
Iroquois,Illinois,26827,58481.0
Jackson,Illinois,52565,41699.0
Jasper,Illinois,9193,60237.0
Jefferson,Illinois,36877,54692.0
Jersey,Illinois,21333,71655.0
Jo Daviess,Illinois,21939,61289.0
Johnson,Illinois,13463,58502.0
Kane,Illinois,515588,88935.0
Kankakee,Illinois,106601,61664.0
Kendall,Illinois,134867,101816.0
Knox,Illinois,49268,45994.0
Lake,Illinois,711239,97127.0
LaSalle,Illinois,108965,62825.0
Lawrence,Illinois,15152,52020.0
Lee,Illinois,34049,62250.0
Livingston,Illinois,35664,61419.0
Logan,Illinois,27992,59809.0
McDonough,Illinois,26828,45704.0
McHenry,Illinois,311122,93801.0
McLean,Illinois,170889,70339.0
Macon,Illinois,102432,55954.0
Macoupin,Illinois,44406,58227.0
Madison,Illinois,264490,66882.0
Marion,Illinois,37390,53209.0
Marshall,Illinois,11663,60231.0
Mason,Illinois,12881,54415.0
Massac,Illinois,13960,57658.0
Menard,Illinois,12164,79743.0
Mercer,Illinois,15582,59972.0
Monroe,Illinois,34932,92950.0
Montgomery,Illinois,28084,59309.0
Morgan,Illinois,32606,55261.0
Moultrie,Illinois,14510,67309.0
Ogle,Illinois,51449,67534.0
Peoria,Illinois,179432,58426.0
Perry,Illinois,20985,53108.0
Piatt,Illinois,16753,77559.0
Pike,Illinois,14618,51529.0
Pope,Illinois,3779,48013.0
Pulaski,Illinois,5065,40197.0
Putnam,Illinois,5566,67419.0
Randolph,Illinois,30142,58093.0
Richland,Illinois,15796,59963.0
Rock Island,Illinois,142909,58974.0
St. Clair,Illinois,254796,63017.0
Saline,Illinois,23320,47541.0
Sangamon,Illinois,194734,66149.0
Schuyler,Illinois,6843,58447.0
Scott,Illinois,4836,63555.0
Shelby,Illinois,20789,60103.0
Stark,Illinois,5294,55109.0
Stephenson,Illinois,44021,53806.0
Tazewell,Illinois,130413,68860.0
Union,Illinois,16923,53363.0
Vermilion,Illinois,73095,49063.0
Wabash,Illinois,11202,49680.0
Warren,Illinois,16531,59673.0
Washington,Illinois,13655,67030.0
Wayne,Illinois,15963,51540.0
White,Illinois,13784,51351.0
Whiteside,Illinois,55305,59812.0
Will,Illinois,697252,95751.0
Williamson,Illinois,66879,54682.0
Winnebago,Illinois,283119,57779.0
Woodford,Illinois,38225,76486.0
Adams,Indiana,35961,56037.0
Allen,Indiana,388608,61456.0
Bartholomew,Indiana,82475,71183.0
Benton,Indiana,8714,56155.0
Blackford,Indiana,12091,45080.0
Boone,Indiana,73052,94843.0
Brown,Indiana,15552,67737.0
Carroll,Indiana,20444,56929.0
Cass,Indiana,37563,51776.0
Clark,Indiana,122738,62296.0
Clay,Indiana,26410,63361.0
Clinton,Indiana,33065,55582.0
Crawford,Indiana,10514,42465.0
Daviess,Indiana,33397,57083.0
Dearborn,Indiana,50816,72674.0
Decatur,Indiana,26320,65000.0
DeKalb,Indiana,43333,60757.0
Delaware,Indiana,111871,49321.0
Dubois,Indiana,43549,65389.0
Elkhart,Indiana,206921,61182.0
Fayette,Indiana,23360,48101.0
Floyd,Indiana,80454,69858.0
Fountain,Indiana,16427,54475.0
Franklin,Indiana,22842,69440.0
Fulton,Indiana,20386,56885.0
Gibson,Indiana,32924,59697.0
Grant,Indiana,66263,50009.0
Greene,Indiana,30786,55470.0
Hamilton,Indiana,356650,104858.0
Hancock,Indiana,81789,79126.0
Harrison,Indiana,39761,63586.0
Hendricks,Indiana,179355,87961.0
Henry,Indiana,48935,54154.0
Howard,Indiana,83687,59238.0
Huntington,Indiana,36717,56705.0
Jackson,Indiana,46067,59504.0
Jasper,Indiana,33091,69632.0
Jay,Indiana,20248,48904.0
Jefferson,Indiana,33141,53784.0
Jennings,Indiana,27409,63612.0
Johnson,Indiana,164298,77977.0
Knox,Indiana,35956,51784.0
Kosciusko,Indiana,80106,66764.0
LaGrange,Indiana,40524,75624.0
Lake,Indiana,498558,62052.0
LaPorte,Indiana,112390,60226.0
Lawrence,Indiana,45070,60041.0
Madison,Indiana,130782,54491.0
Marion,Indiana,971102,54601.0
Marshall,Indiana,46121,58296.0
Martin,Indiana,9780,57199.0
Miami,Indiana,36081,53762.0
Monroe,Indiana,139875,54096.0
Montgomery,Indiana,38063,58311.0
Morgan,Indiana,72206,71882.0
Newton,Indiana,13808,62306.0
Noble,Indiana,47227,63292.0
Ohio,Indiana,5978,63036.0
Orange,Indiana,19830,56572.0
Owen,Indiana,21446,53831.0
Parke,Indiana,16407,57156.0
Perry,Indiana,19316,54387.0
Pike,Indiana,12144,57283.0
Porter,Indiana,174243,76736.0
Posey,Indiana,25116,69323.0
Pulaski,Indiana,12339,52098.0
Putnam,Indiana,36979,64993.0
Randolph,Indiana,24387,54912.0
Ripley,Indiana,29081,64221.0
Rush,Indiana,16672,58887.0
St. Joseph,Indiana,272212,58599.0
Scott,Indiana,24355,45794.0
Shelby,Indiana,45039,64070.0
Spencer,Indiana,19798,59624.0
Starke,Indiana,23372,52802.0
Steuben,Indiana,34632,61698.0
Sullivan,Indiana,20758,49393.0
Switzerland,Indiana,9790,56268.0
Tippecanoe,Indiana,187076,53468.0
Tipton,Indiana,15372,65983.0
Union,Indiana,7047,60750.0
Vanderburgh,Indiana,179987,54044.0
Vermillion,Indiana,15341,53396.0
Vigo,Indiana,105994,48552.0
Wabash,Indiana,30816,59611.0
Warren,Indiana,8475,68136.0
Warrick,Indiana,64514,85613.0
Washington,Indiana,28102,53932.0
Wayne,Indiana,66456,49952.0
Wells,Indiana,28197,62802.0
White,Indiana,24651,60327.0
Whitley,Indiana,34430,67716.0
Adair,Iowa,7541,57944.0
Adams,Iowa,3641,57981.0
Allamakee,Iowa,13926,59461.0
Appanoose,Iowa,12257,46900.0
Audubon,Iowa,5635,54643.0
Benton,Iowa,25691,72334.0
Black Hawk,Iowa,130368,57191.0
Boone,Iowa,26723,70984.0
Bremer,Iowa,25081,76782.0
Buchanan,Iowa,20657,71024.0
Buena Vista,Iowa,20771,53645.0
Butler,Iowa,14332,61109.0
Calhoun,Iowa,9915,60434.0
Carroll,Iowa,20692,61157.0
Cass,Iowa,13050,55395.0
Cedar,Iowa,18410,72714.0
Cerro Gordo,Iowa,42706,58271.0
Cherokee,Iowa,11503,59881.0
Chickasaw,Iowa,11887,67146.0
Clarke,Iowa,9785,58617.0
Clay,Iowa,16440,52307.0
Clayton,Iowa,16998,58148.0
Clinton,Iowa,46463,56345.0
Crawford,Iowa,16193,55552.0
Dallas,Iowa,103796,93492.0
Davis,Iowa,9138,76755.0
Decatur,Iowa,7659,52753.0
Delaware,Iowa,17510,69319.0
Des Moines,Iowa,38491,54318.0
Dickinson,Iowa,17851,65215.0
Dubuque,Iowa,98718,68198.0
Emmet,Iowa,9321,58357.0
Fayette,Iowa,19258,50973.0
Floyd,Iowa,15413,55827.0
Franklin,Iowa,9952,59019.0
Fremont,Iowa,6567,63611.0
Greene,Iowa,8717,52768.0
Grundy,Iowa,12347,74552.0
Guthrie,Iowa,10567,67625.0
Hamilton,Iowa,14887,62183.0
Hancock,Iowa,10663,64730.0
Hardin,Iowa,16708,58845.0
Harrison,Iowa,14669,67950.0
Henry,Iowa,20387,58767.0
Howard,Iowa,9478,60387.0
Humboldt,Iowa,9634,60008.0
Ida,Iowa,6956,57266.0
Iowa,Iowa,16568,64720.0
Jackson,Iowa,19368,65541.0
Jasper,Iowa,37764,63182.0
Jefferson,Iowa,15647,47950.0
Johnson,Iowa,154748,67414.0
Jones,Iowa,20805,63279.0
Keokuk,Iowa,9914,54233.0
Kossuth,Iowa,14529,59878.0
Lee,Iowa,33215,54258.0
Linn,Iowa,228939,70360.0
Louisa,Iowa,10749,65867.0
Lucas,Iowa,8710,55297.0
Lyon,Iowa,12011,69113.0
Madison,Iowa,16773,79306.0
Mahaska,Iowa,21984,60617.0
Marion,Iowa,33380,66822.0
Marshall,Iowa,39853,63591.0
Mills,Iowa,14465,77926.0
Mitchell,Iowa,10555,60991.0
Monona,Iowa,8574,56107.0
Monroe,Iowa,7610,69929.0
Montgomery,Iowa,10322,56971.0
Muscatine,Iowa,42688,61547.0
O'Brien,Iowa,14015,62292.0
Osceola,Iowa,6159,65242.0
Page,Iowa,15197,52108.0
Palo Alto,Iowa,8906,59988.0
Plymouth,Iowa,25650,74239.0
Pocahontas,Iowa,7074,56350.0
Polk,Iowa,496844,73015.0
Pottawattamie,Iowa,93304,63840.0
Poweshiek,Iowa,18586,56080.0
Ringgold,Iowa,4639,57700.0
Sac,Iowa,9752,61040.0
Scott,Iowa,174170,67675.0
Shelby,Iowa,11770,62222.0
Sioux,Iowa,35893,78179.0
Story,Iowa,99472,62578.0
Tama,Iowa,16867,59794.0
Taylor,Iowa,5868,59528.0
Union,Iowa,12018,52321.0
Van Buren,Iowa,7243,53218.0
Wapello,Iowa,35256,51222.0
Warren,Iowa,53402,85189.0
Washington,Iowa,22491,66908.0
Wayne,Iowa,6508,53039.0
Webster,Iowa,37147,56934.0
Winnebago,Iowa,10656,56578.0
Winneshiek,Iowa,19892,65330.0
Woodbury,Iowa,105607,63061.0
Worth,Iowa,7385,63795.0
Wright,Iowa,12785,55395.0
Allen,Kansas,12464,51840.0
Anderson,Kansas,7778,56315.0
Atchison,Kansas,16239,52243.0
Barber,Kansas,4110,52984.0
Barton,Kansas,25216,50077.0
Bourbon,Kansas,14323,49951.0
Brown,Kansas,9455,52314.0
Butler,Kansas,67889,71651.0
Chase,Kansas,2598,49453.0
Chautauqua,Kansas,3395,46170.0
Cherokee,Kansas,19130,47298.0
Cheyenne,Kansas,2633,45039.0
Clark,Kansas,1977,55556.0
Clay,Kansas,8077,52716.0
Cloud,Kansas,8928,53110.0
Coffey,Kansas,8338,63167.0
Comanche,Kansas,1670,49333.0
Cowley,Kansas,34496,51732.0
Crawford,Kansas,39110,45191.0
Decatur,Kansas,2751,46733.0
Dickinson,Kansas,18459,59400.0
Doniphan,Kansas,7471,54792.0
Douglas,Kansas,119363,62594.0
Edwards,Kansas,2832,49679.0
Elk,Kansas,2441,45660.0
Ellis,Kansas,28790,54858.0
Ellsworth,Kansas,6336,55318.0
Finney,Kansas,38107,61374.0
Ford,Kansas,34159,59578.0
Franklin,Kansas,25986,63996.0
Geary,Kansas,35934,54664.0
Gove,Kansas,2755,53226.0
Graham,Kansas,2400,44091.0
Grant,Kansas,7324,60417.0
Gray,Kansas,5644,70321.0
Greeley,Kansas,1304,57281.0
Greenwood,Kansas,5939,46783.0
Hamilton,Kansas,2484,48333.0
Harper,Kansas,5331,52188.0
Harvey,Kansas,33817,60653.0
Haskell,Kansas,3668,58841.0
Hodgeman,Kansas,1710,62902.0
Jackson,Kansas,13261,62023.0
Jefferson,Kansas,18411,72270.0
Jewell,Kansas,2937,45655.0
Johnson,Kansas,613219,96059.0
Kearny,Kansas,3891,61406.0
Kingman,Kansas,7392,54852.0
Kiowa,Kansas,2392,61406.0
Labette,Kansas,19912,51425.0
Lane,Kansas,1565,44219.0
Leavenworth,Kansas,82184,80853.0
Lincoln,Kansas,2903,48457.0
Linn,Kansas,9747,52339.0
Logan,Kansas,2722,62202.0
Lyon,Kansas,31998,52591.0
McPherson,Kansas,30146,63816.0
Marion,Kansas,11712,54679.0
Marshall,Kansas,9979,58750.0
Meade,Kansas,4022,66042.0
Miami,Kansas,34593,79211.0
Mitchell,Kansas,5748,49250.0
Montgomery,Kansas,31156,47697.0
Morris,Kansas,5356,50242.0
Morton,Kansas,2692,51447.0
Nemaha,Kansas,10216,65177.0
Neosho,Kansas,15784,54479.0
Ness,Kansas,2672,63241.0
Norton,Kansas,5342,49326.0
Osage,Kansas,15768,61702.0
Osborne,Kansas,3498,55551.0
Ottawa,Kansas,5838,57455.0
Pawnee,Kansas,6225,50988.0
Phillips,Kansas,4815,53919.0
Pottawatomie,Kansas,25790,76089.0
Pratt,Kansas,9181,57109.0
Rawlins,Kansas,2549,58590.0
Reno,Kansas,61414,53359.0
Republic,Kansas,4662,50268.0
Rice,Kansas,9390,56379.0
Riley,Kansas,72208,53296.0
Rooks,Kansas,4831,55000.0
Rush,Kansas,2953,50714.0
Russell,Kansas,6703,52108.0
Saline,Kansas,53888,55175.0
Scott,Kansas,5131,46583.0
Sedgwick,Kansas,523828,60593.0
Seward,Kansas,21747,51809.0
Shawnee,Kansas,178264,59848.0
Sheridan,Kansas,2478,68952.0
Sherman,Kansas,5895,58830.0
Smith,Kansas,3576,48051.0
Stafford,Kansas,4034,54188.0
Stanton,Kansas,2044,60607.0
Stevens,Kansas,5293,61267.0
Sumner,Kansas,22385,54854.0
Thomas,Kansas,7877,69844.0
Trego,Kansas,2793,78529.0
Wabaunsee,Kansas,6966,66589.0
Wallace,Kansas,1508,56538.0
Washington,Kansas,5511,53491.0
Wichita,Kansas,2082,63306.0
Wilson,Kansas,8526,52514.0
Woodson,Kansas,3102,45234.0
Wyandotte,Kansas,167046,52366.0
Adair,Kentucky,18932,46652.0
Allen,Kentucky,20797,47495.0
Anderson,Kentucky,24035,59887.0
Ballard,Kentucky,7695,52695.0
Barren,Kentucky,44544,44254.0
Bath,Kentucky,12778,46375.0
Bell,Kentucky,23858,32123.0
Boone,Kentucky,137412,87034.0
Bourbon,Kentucky,20229,53277.0
Boyd,Kentucky,47899,53077.0
Boyle,Kentucky,30747,54234.0
Bracken,Kentucky,8439,63277.0
Breathitt,Kentucky,13553,32259.0
Breckinridge,Kentucky,20651,49919.0
Bullitt,Kentucky,82918,67892.0
Butler,Kentucky,12294,48355.0
Caldwell,Kentucky,12624,48280.0
Calloway,Kentucky,37560,44534.0
Campbell,Kentucky,93050,65580.0
Carlisle,Kentucky,4791,42386.0
Carroll,Kentucky,10863,42433.0
Carter,Kentucky,26412,40092.0
Casey,Kentucky,15866,37694.0
Christian,Kentucky,72357,45913.0
Clark,Kentucky,36871,59294.0
Clay,Kentucky,20206,33399.0
Clinton,Kentucky,9265,35042.0
Crittenden,Kentucky,8947,45000.0
Cumberland,Kentucky,5879,34563.0
Daviess,Kentucky,103063,57660.0
Edmonson,Kentucky,12291,41533.0
Elliott,Kentucky,7381,36455.0
Estill,Kentucky,14092,36336.0
Fayette,Kentucky,321793,61526.0
Fleming,Kentucky,15224,48315.0
Floyd,Kentucky,35274,37360.0
Franklin,Kentucky,51682,59498.0
Fulton,Kentucky,6512,33567.0
Gallatin,Kentucky,8775,54978.0
Garrard,Kentucky,17362,58137.0
Grant,Kentucky,25244,60040.0
Graves,Kentucky,36615,48187.0
Grayson,Kentucky,26524,40839.0
Green,Kentucky,11291,34363.0
Greenup,Kentucky,35649,55431.0
Hancock,Kentucky,9064,61622.0
Hardin,Kentucky,111607,59863.0
Harlan,Kentucky,26164,30210.0
Harrison,Kentucky,18950,53862.0
Hart,Kentucky,19460,45342.0
Henderson,Kentucky,44329,53635.0
Henry,Kentucky,15657,52301.0
Hickman,Kentucky,4424,46321.0
Hopkins,Kentucky,45138,49495.0
Jackson,Kentucky,12984,33699.0
Jefferson,Kentucky,777874,61633.0
Jessamine,Kentucky,53626,65196.0
Johnson,Kentucky,22556,41489.0
Kenton,Kentucky,169495,68503.0
Knott,Kentucky,14053,35583.0
Knox,Kentucky,29909,29206.0
Larue,Kentucky,15028,53555.0
Laurel,Kentucky,62561,46604.0
Lawrence,Kentucky,16290,37014.0
Lee,Kentucky,7451,29817.0
Leslie,Kentucky,10278,34528.0
Letcher,Kentucky,21253,35278.0
Lewis,Kentucky,12987,32402.0
Lincoln,Kentucky,24243,45856.0
Livingston,Kentucky,8959,51081.0
Logan,Kentucky,27771,53133.0
Lyon,Kentucky,8803,55203.0
McCracken,Kentucky,67454,53366.0
McCreary,Kentucky,16892,33939.0
McLean,Kentucky,9100,57027.0
Madison,Kentucky,94666,55002.0
Magoffin,Kentucky,11497,29615.0
Marion,Kentucky,19725,48791.0
Marshall,Kentucky,31748,58989.0
Martin,Kentucky,11140,40826.0
Mason,Kentucky,16931,48106.0
Meade,Kentucky,30131,63944.0
Menifee,Kentucky,6194,43313.0
Mercer,Kentucky,22850,53750.0
Metcalfe,Kentucky,10349,43196.0
Monroe,Kentucky,11233,39334.0
Montgomery,Kentucky,28219,49313.0
Morgan,Kentucky,13820,41664.0
Muhlenberg,Kentucky,30694,46124.0
Nelson,Kentucky,47098,64354.0
Nicholas,Kentucky,7712,44306.0
Ohio,Kentucky,23688,48481.0
Oldham,Kentucky,68685,109815.0
Owen,Kentucky,11294,52450.0
Owsley,Kentucky,3953,29340.0
Pendleton,Kentucky,14607,57619.0
Perry,Kentucky,27929,40577.0
Pike,Kentucky,57391,36910.0
Powell,Kentucky,13133,39493.0
Pulaski,Kentucky,65423,42652.0
Robertson,Kentucky,2257,53833.0
Rockcastle,Kentucky,16115,40406.0
Rowan,Kentucky,24861,45681.0
Russell,Kentucky,18156,41851.0
Scott,Kentucky,58252,73113.0
Shelby,Kentucky,48461,73974.0
Simpson,Kentucky,19718,53420.0
Spencer,Kentucky,19916,92973.0
Taylor,Kentucky,26235,56890.0
Todd,Kentucky,12285,54823.0
Trigg,Kentucky,14192,53693.0
Trimble,Kentucky,8530,62125.0
Union,Kentucky,13544,50533.0
Warren,Kentucky,137212,57625.0
Washington,Kentucky,12072,59049.0
Wayne,Kentucky,19540,41237.0
Webster,Kentucky,12813,47051.0
Whitley,Kentucky,36939,41817.0
Wolfe,Kentucky,6507,24349.0
Woodford,Kentucky,27075,72765.0
Acadia,Louisiana,57288,42368.0
Allen,Louisiana,22687,47660.0
Ascension,Louisiana,128369,86256.0
Assumption,Louisiana,20689,42831.0
Avoyelles,Louisiana,39236,37903.0
Beauregard,Louisiana,36584,57130.0
Bienville,Louisiana,12776,32328.0
Bossier,Louisiana,129144,58289.0
Caddo,Louisiana,233092,43153.0
Calcasieu,Louisiana,205282,59470.0
Caldwell,Louisiana,9571,41861.0
Cameron,Louisiana,5080,64525.0
Catahoula,Louisiana,8805,42232.0
Claiborne,Louisiana,14038,29574.0
Concordia,Louisiana,18376,36157.0
De Soto,Louisiana,26919,45364.0
East Baton Rouge,Louisiana,453301,58167.0
East Carroll,Louisiana,7220,25049.0
East Feliciana,Louisiana,19338,58125.0
Evangeline,Louisiana,32215,32465.0
Franklin,Louisiana,19668,38250.0
Grant,Louisiana,22236,52779.0
Iberia,Louisiana,68975,52278.0
Iberville,Louisiana,29824,52994.0
Jackson,Louisiana,14876,41298.0
Jefferson,Louisiana,433688,58638.0
Jefferson Davis,Louisiana,32345,45578.0
Lafayette,Louisiana,244205,63311.0
Lafourche,Louisiana,97504,58747.0
LaSalle,Louisiana,14834,52205.0
Lincoln,Louisiana,48152,38458.0
Livingston,Louisiana,145830,71547.0
Madison,Louisiana,9799,36875.0
Morehouse,Louisiana,25025,33758.0
Natchitoches,Louisiana,37026,33965.0
Orleans,Louisiana,376971,45594.0
Ouachita,Louisiana,158768,46021.0
Plaquemines,Louisiana,23303,69970.0
Pointe Coupee,Louisiana,20356,50431.0
Rapides,Louisiana,128654,49639.0
Red River,Louisiana,7564,41227.0
Richland,Louisiana,19805,42956.0
Sabine,Louisiana,22135,39975.0
St. Bernard,Louisiana,44258,52538.0
St. Charles,Louisiana,52282,72088.0
St. Helena,Louisiana,10912,40857.0
St. James,Louisiana,19742,56207.0
St. John the Baptist,Louisiana,42094,60743.0
St. Landry,Louisiana,82071,41068.0
St. Martin,Louisiana,51540,46711.0
St. Mary,Louisiana,48232,43097.0
St. Tammany,Louisiana,269388,70986.0
Tangipahoa,Louisiana,135217,50659.0
Tensas,Louisiana,4043,32962.0
Terrebonne,Louisiana,108708,57940.0
Union,Louisiana,21091,44192.0
Vermilion,Louisiana,57204,56347.0
Vernon,Louisiana,48027,53215.0
Washington,Louisiana,45133,39168.0
Webster,Louisiana,36184,31197.0
West Baton Rouge,Louisiana,27792,72391.0
West Carroll,Louisiana,9594,42050.0
West Feliciana,Louisiana,15494,63450.0
Winn,Louisiana,13488,43710.0
Androscoggin,Maine,111034,59287.0
Aroostook,Maine,66859,47278.0
Cumberland,Maine,305231,80679.0
Franklin,Maine,29687,53607.0
Hancock,Maine,56192,60354.0
Kennebec,Maine,124486,58097.0
Knox,Maine,41084,63399.0
Lincoln,Maine,35828,62121.0
Oxford,Maine,58629,51384.0
Penobscot,Maine,152765,55125.0
Piscataquis,Maine,17165,46948.0
Sagadahoc,Maine,37071,73343.0
Somerset,Maine,50592,47488.0
Waldo,Maine,39912,59880.0
Washington,Maine,31121,46689.0
York,Maine,214591,73856.0
Allegany,Maryland,67729,51090.0
Anne Arundel,Maryland,590336,108048.0
Baltimore,Maryland,849316,81846.0
Calvert,Maryland,93928,120295.0
Caroline,Maryland,33386,63027.0
Carroll,Maryland,173873,104708.0
Cecil,Maryland,103905,81817.0
Charles,Maryland,168698,107808.0
Dorchester,Maryland,32489,55652.0
Frederick,Maryland,279835,106129.0
Garrett,Maryland,28702,58011.0
Harford,Maryland,262977,98495.0
Howard,Maryland,334529,129549.0
Kent,Maryland,19270,64451.0
Montgomery,Maryland,1054827,117345.0
Prince George's,Maryland,955306,91124.0
Queen Anne's,Maryland,50798,99597.0
St. Mary's,Maryland,114468,102859.0
Somerset,Maryland,24584,48661.0
Talbot,Maryland,37626,79349.0
Washington,Maryland,154937,67349.0
Wicomico,Maryland,103980,63610.0
Worcester,Maryland,53132,71262.0
Baltimore  (,Maryland,576498,54124.0
Barnstable,Massachusetts,232411,82619.0
Berkshire,Massachusetts,128657,63159.0
Bristol,Massachusetts,580164,74290.0
Dukes,Massachusetts,21097,77392.0
Essex,Massachusetts,807074,86684.0
Franklin,Massachusetts,71015,64949.0
Hampden,Massachusetts,462718,61310.0
Hampshire,Massachusetts,161572,76959.0
Middlesex,Massachusetts,1614742,111790.0
Nantucket,Massachusetts,14491,116571.0
Norfolk,Massachusetts,724505,112089.0
Plymouth,Massachusetts,533003,98190.0
Suffolk,Massachusetts,771245,80260.0
Worcester,Massachusetts,862029,81660.0
Alcona,Michigan,10235,46187.0
Alger,Michigan,8821,48822.0
Allegan,Michigan,120950,70269.0
Alpena,Michigan,28893,44864.0
Antrim,Michigan,23813,60378.0
Arenac,Michigan,14975,48989.0
Baraga,Michigan,8215,45792.0
Barry,Michigan,62992,68779.0
Bay,Michigan,102985,52510.0
Benzie,Michigan,18223,68875.0
Berrien,Michigan,153101,55893.0
Branch,Michigan,44985,56077.0
Calhoun,Michigan,133819,53286.0
Cass,Michigan,51483,60725.0
Charlevoix,Michigan,26086,63508.0
Cheboygan,Michigan,25752,53482.0
Chippewa,Michigan,36816,53079.0
Clare,Michigan,31065,43069.0
Clinton,Michigan,79426,76161.0
Crawford,Michigan,13204,54240.0
Delta,Michigan,36826,51117.0
Dickinson,Michigan,25787,54775.0
Eaton,Michigan,108944,72173.0
Emmet,Michigan,34225,63488.0
Genesee,Michigan,404208,54052.0
Gladwin,Michigan,25485,48279.0
Gogebic,Michigan,14361,41948.0
Grand Traverse,Michigan,95860,69393.0
Gratiot,Michigan,41544,53347.0
Hillsdale,Michigan,45546,54110.0
Houghton,Michigan,37313,48623.0
Huron,Michigan,31252,51924.0
Ingham,Michigan,284034,58226.0
Ionia,Michigan,67197,64436.0
Iosco,Michigan,25369,44334.0
Iron,Michigan,11635,45792.0
Isabella,Michigan,64813,48840.0
Jackson,Michigan,160050,57746.0
Kalamazoo,Michigan,261108,61739.0
Kalkaska,Michigan,17979,50363.0
Kent,Michigan,658046,69786.0
Keweenaw,Michigan,2107,54010.0
Lake,Michigan,12308,40753.0
Lapeer,Michigan,88513,69194.0
Leelanau,Michigan,22623,72709.0
Lenawee,Michigan,98956,60656.0
Livingston,Michigan,195014,88908.0
Luce,Michigan,5309,49667.0
Mackinac,Michigan,10906,52989.0
Macomb,Michigan,876792,67828.0
Manistee,Michigan,25350,54428.0
Marquette,Michigan,66103,57981.0
Mason,Michigan,29383,55035.0
Mecosta,Michigan,40031,48440.0
Menominee,Michigan,23299,52457.0
Midland,Michigan,83457,67642.0
Missaukee,Michigan,15130,50695.0
Monroe,Michigan,155274,68006.0
Montcalm,Michigan,67220,54803.0
Montmorency,Michigan,9297,43913.0
Muskegon,Michigan,176511,57047.0
Newaygo,Michigan,50296,54235.0
Oakland,Michigan,1270017,86275.0
Oceana,Michigan,26815,56454.0
Ogemaw,Michigan,20726,44165.0
Ontonagon,Michigan,5868,44605.0
Osceola,Michigan,23105,50722.0
Oscoda,Michigan,8311,45659.0
Otsego,Michigan,25289,59330.0
Ottawa,Michigan,299157,77288.0
Presque Isle,Michigan,13093,52181.0
Roscommon,Michigan,23633,46218.0
Saginaw,Michigan,189591,52749.0
St. Clair,Michigan,160053,62847.0
St. Joseph,Michigan,60758,57080.0
Sanilac,Michigan,40506,52459.0
Schoolcraft,Michigan,8030,54163.0
Shiawassee,Michigan,67877,58004.0
Tuscola,Michigan,52917,55174.0
Van Buren,Michigan,75658,61549.0
Washtenaw,Michigan,369390,79198.0
Wayne,Michigan,1774816,52830.0
Wexford,Michigan,33901,54114.0
Aitkin,Minnesota,15887,50900.0
Anoka,Minnesota,367018,88680.0
Becker,Minnesota,35219,64296.0
Beltrami,Minnesota,46380,55910.0
Benton,Minnesota,41459,65529.0
Big Stone,Minnesota,5145,58095.0
Blue Earth,Minnesota,69280,65000.0
Brown,Minnesota,25819,62999.0
Carlton,Minnesota,36409,68579.0
Carver,Minnesota,108626,107890.0
Cass,Minnesota,30639,56487.0
Chippewa,Minnesota,12357,59051.0
Chisago,Minnesota,57469,90870.0
Clay,Minnesota,65574,67984.0
Clearwater,Minnesota,8576,56605.0
Cook,Minnesota,5617,65045.0
Cottonwood,Minnesota,11569,56297.0
Crow Wing,Minnesota,67270,60810.0
Dakota,Minnesota,442038,93892.0
Dodge,Minnesota,20935,84568.0
Douglas,Minnesota,39238,69069.0
Faribault,Minnesota,13909,55186.0
Fillmore,Minnesota,21271,67195.0
Freeborn,Minnesota,30749,59862.0
Goodhue,Minnesota,47968,71414.0
Grant,Minnesota,6153,60781.0
Hennepin,Minnesota,1267416,85438.0
Houston,Minnesota,18778,62397.0
Hubbard,Minnesota,21715,63122.0
Isanti,Minnesota,41906,78687.0
Itasca,Minnesota,45070,58393.0
Jackson,Minnesota,9990,64134.0
Kanabec,Minnesota,16159,60982.0
Kandiyohi,Minnesota,43767,67798.0
Kittson,Minnesota,4146,60676.0
Koochiching,Minnesota,11941,54708.0
Lac qui Parle,Minnesota,6684,60718.0
Lake,Minnesota,10986,66828.0
Lake of the Woods,Minnesota,3823,55913.0
Le Sueur,Minnesota,28841,80425.0
Lincoln,Minnesota,5567,58621.0
Lyon,Minnesota,25231,62388.0
McLeod,Minnesota,36735,67067.0
Mahnomen,Minnesota,5414,48021.0
Marshall,Minnesota,8988,64239.0
Martin,Minnesota,19915,57002.0
Meeker,Minnesota,23376,67099.0
Mille Lacs,Minnesota,26867,61995.0
Morrison,Minnesota,33992,61873.0
Mower,Minnesota,40158,60386.0
Murray,Minnesota,8144,69250.0
Nicollet,Minnesota,34332,74317.0
Nobles,Minnesota,21991,57101.0
Norman,Minnesota,6416,58846.0
Olmsted,Minnesota,163436,84656.0
Otter Tail,Minnesota,60046,63587.0
Pennington,Minnesota,13780,64268.0
Pine,Minnesota,29302,59840.0
Pipestone,Minnesota,9313,58288.0
Polk,Minnesota,30757,61643.0
Pope,Minnesota,11403,67040.0
Ramsey,Minnesota,543257,71494.0
Red Lake,Minnesota,3933,62417.0
Redwood,Minnesota,15366,59638.0
Renville,Minnesota,14608,61233.0
Rice,Minnesota,67262,71384.0
Rock,Minnesota,9680,68638.0
Roseau,Minnesota,15258,65651.0
St. Louis,Minnesota,199182,61213.0
Scott,Minnesota,153268,109031.0
Sherburne,Minnesota,99074,92374.0
Sibley,Minnesota,14917,67412.0
Stearns,Minnesota,158947,68212.0
Steele,Minnesota,37349,73468.0
Stevens,Minnesota,9700,65750.0
Swift,Minnesota,9749,53664.0
Todd,Minnesota,25237,58021.0
Traverse,Minnesota,3286,56667.0
Wabasha,Minnesota,21509,70603.0
Wadena,Minnesota,14177,50100.0
Waseca,Minnesota,19000,66502.0
Washington,Minnesota,272256,102258.0
Watonwan,Minnesota,11135,59494.0
Wilkin,Minnesota,6395,57907.0
Winona,Minnesota,49630,61753.0
Wright,Minnesota,144845,94276.0
Yellow Medicine,Minnesota,9411,65014.0
Adams,Mississippi,28742,33860.0
Alcorn,Mississippi,34349,44068.0
Amite,Mississippi,12637,31367.0
Attala,Mississippi,17742,36196.0
Benton,Mississippi,7646,39311.0
Bolivar,Mississippi,30308,33729.0
Calhoun,Mississippi,13018,41142.0
Carroll,Mississippi,9879,46147.0
Chickasaw,Mississippi,17011,38620.0
Choctaw,Mississippi,8106,37859.0
Claiborne,Mississippi,8908,31305.0
Clarke,Mississippi,15421,40838.0
Clay,Mississippi,18535,35638.0
Coahoma,Mississippi,20810,31312.0
Copiah,Mississippi,27995,46530.0
Covington,Mississippi,18279,40233.0
DeSoto,Mississippi,188633,73460.0
Forrest,Mississippi,77875,45780.0
Franklin,Mississippi,7676,40479.0
George,Mississippi,24762,47385.0
Greene,Mississippi,13630,49581.0
Grenada,Mississippi,21365,40808.0
Hancock,Mississippi,46055,58196.0
Harrison,Mississippi,209396,51590.0
Hinds,Mississippi,222679,46179.0
Holmes,Mississippi,16496,24958.0
Humphreys,Mississippi,7551,30327.0
Issaquena,Mississippi,1280,17109.0
Itawamba,Mississippi,23838,53510.0
Jackson,Mississippi,143987,55107.0
Jasper,Mississippi,16291,39992.0
Jefferson,Mississippi,7205,29205.0
Jefferson Davis,Mississippi,11134,34771.0
Jones,Mississippi,66744,43659.0
Kemper,Mississippi,8829,37667.0
Lafayette,Mississippi,56884,54720.0
Lamar,Mississippi,65353,63925.0
Lauderdale,Mississippi,72088,43301.0
Lawrence,Mississippi,11812,39443.0
Leake,Mississippi,21196,39660.0
Lee,Mississippi,82883,60708.0
Leflore,Mississippi,27557,30182.0
Lincoln,Mississippi,34943,43926.0
Lowndes,Mississippi,58150,49660.0
Madison,Mississippi,109813,74688.0
Marion,Mississippi,24378,34286.0
Marshall,Mississippi,33725,42968.0
Monroe,Mississippi,33883,47353.0
Montgomery,Mississippi,9729,35903.0
Neshoba,Mississippi,28993,43416.0
Newton,Mississippi,21056,44530.0
Noxubee,Mississippi,10123,38999.0
Oktibbeha,Mississippi,51842,41094.0
Panola,Mississippi,32851,39673.0
Pearl River,Mississippi,56503,53855.0
Perry,Mississippi,11571,47368.0
Pike,Mississippi,39973,36308.0
Pontotoc,Mississippi,31445,52150.0
Prentiss,Mississippi,24996,46417.0
Quitman,Mississippi,5935,25783.0
Rankin,Mississippi,158096,72326.0
Scott,Mississippi,27598,43022.0
Sharkey,Mississippi,3663,38977.0
Simpson,Mississippi,25750,43842.0
Smith,Mississippi,14191,51792.0
Stone,Mississippi,18644,50807.0
Sunflower,Mississippi,25402,32608.0
Tallahatchie,Mississippi,12366,31484.0
Tate,Mississippi,28234,54839.0
Tippah,Mississippi,21635,41506.0
Tishomingo,Mississippi,18750,40394.0
Tunica,Mississippi,9696,41176.0
Union,Mississippi,27953,50543.0
Walthall,Mississippi,13836,34605.0
Warren,Mississippi,43579,50686.0
Washington,Mississippi,43687,34399.0
Wayne,Mississippi,19709,34766.0
Webster,Mississippi,9983,53363.0
Wilkinson,Mississippi,8315,31412.0
Winston,Mississippi,17596,39725.0
Yalobusha,Mississippi,12415,44348.0
Yazoo,Mississippi,26373,40037.0
Adair,Missouri,25185,46639.0
Andrew,Missouri,18002,63769.0
Atchison,Missouri,5234,53867.0
Audrain,Missouri,24982,47178.0
Barry,Missouri,34712,49574.0
Barton,Missouri,11658,45113.0
Bates,Missouri,16105,52093.0
Benton,Missouri,19908,45533.0
Bollinger,Missouri,10556,51250.0
Boone,Missouri,185840,62653.0
Buchanan,Missouri,83853,54073.0
Butler,Missouri,42101,44842.0
Caldwell,Missouri,8897,54321.0
Callaway,Missouri,44638,63791.0
Camden,Missouri,43436,55717.0
Cape Girardeau,Missouri,82113,59252.0
Carroll,Missouri,8376,54967.0
Carter,Missouri,5320,42378.0
Cass,Missouri,109638,76924.0
Cedar,Missouri,14496,41211.0
Chariton,Missouri,7356,56758.0
Christian,Missouri,91499,69212.0
Clark,Missouri,6736,45965.0
Clay,Missouri,255518,75596.0
Clinton,Missouri,21287,63876.0
Cole,Missouri,77205,64715.0
Cooper,Missouri,17115,55711.0
Crawford,Missouri,22807,46643.0
Dade,Missouri,7599,43661.0
Dallas,Missouri,17341,44948.0
Daviess,Missouri,8399,55750.0
DeKalb,Missouri,11098,59462.0
Dent,Missouri,14432,45700.0
Douglas,Missouri,11732,45125.0
Dunklin,Missouri,27717,42194.0
Franklin,Missouri,105231,65263.0
Gasconade,Missouri,14791,58956.0
Gentry,Missouri,6173,47746.0
Greene,Missouri,300865,50682.0
Grundy,Missouri,9720,49621.0
Harrison,Missouri,8164,45313.0
Henry,Missouri,22206,49682.0
Hickory,Missouri,8607,32132.0
Holt,Missouri,4226,52500.0
Howard,Missouri,10168,58596.0
Howell,Missouri,39975,43200.0
Iron,Missouri,9408,44717.0
Jackson,Missouri,716862,60800.0
Jasper,Missouri,123155,51876.0
Jefferson,Missouri,227771,71285.0
Johnson,Missouri,54150,59952.0
Knox,Missouri,3808,40814.0
Laclede,Missouri,36133,46968.0
Lafayette,Missouri,32817,70969.0
Lawrence,Missouri,38321,46923.0
Lewis,Missouri,10000,46250.0
Lincoln,Missouri,61586,76622.0
Linn,Missouri,11843,54245.0
Livingston,Missouri,14755,54309.0
McDonald,Missouri,23383,43086.0
Macon,Missouri,15183,48583.0
Madison,Missouri,12652,50529.0
Maries,Missouri,8406,50434.0
Marion,Missouri,28518,56213.0
Mercer,Missouri,3488,52105.0
Miller,Missouri,24909,47288.0
Mississippi,Missouri,12538,39127.0
Moniteau,Missouri,15484,58900.0
Monroe,Missouri,8712,46441.0
Montgomery,Missouri,11415,54390.0
Morgan,Missouri,21379,46078.0
New Madrid,Missouri,16035,42370.0
Newton,Missouri,59386,55820.0
Nodaway,Missouri,21160,47669.0
Oregon,Missouri,8631,35972.0
Osage,Missouri,13379,67088.0
Ozark,Missouri,8782,36402.0
Pemiscot,Missouri,15236,35865.0
Perry,Missouri,18922,56832.0
Pettis,Missouri,43188,51936.0
Phelps,Missouri,44937,48124.0
Pike,Missouri,17761,47382.0
Platte,Missouri,108569,85031.0
Polk,Missouri,32043,50890.0
Pulaski,Missouri,53816,59252.0
Putnam,Missouri,4712,46161.0
Ralls,Missouri,10361,58829.0
Randolph,Missouri,24760,51403.0
Ray,Missouri,23008,67643.0
Reynolds,Missouri,6087,41925.0
Ripley,Missouri,10617,36089.0
St. Charles,Missouri,409981,91792.0
St. Clair,Missouri,9376,40470.0
Ste. Genevieve,Missouri,18588,62607.0
St. Francois,Missouri,67541,50015.0
St. Louis,Missouri,997187,72562.0
Saline,Missouri,23289,49705.0
Schuyler,Missouri,4025,49746.0
Scotland,Missouri,4693,48705.0
Scott,Missouri,37840,50556.0
Shannon,Missouri,7106,41176.0
Shelby,Missouri,5976,46178.0
Stoddard,Missouri,28479,46052.0
Stone,Missouri,31548,54320.0
Sullivan,Missouri,5934,46964.0
Taney,Missouri,56387,51031.0
Texas,Missouri,24987,37994.0
Vernon,Missouri,19595,49494.0
Warren,Missouri,36518,68350.0
Washington,Missouri,23502,44955.0
Wayne,Missouri,10914,42257.0
Webster,Missouri,39735,59325.0
Worth,Missouri,1983,41847.0
Wright,Missouri,18610,40179.0
St. Louis  (,Missouri,293310,48751.0
Beaverhead,Montana,9524,51048.0
Big Horn,Montana,12957,49640.0
Blaine,Montana,6980,50847.0
Broadwater,Montana,7288,60244.0
Carbon,Montana,10847,63178.0
Carter,Montana,1428,41447.0
Cascade,Montana,84511,56377.0
Chouteau,Montana,5916,48237.0
Custer,Montana,11916,55426.0
Daniels,Montana,1686,54722.0
Dawson,Montana,8904,57684.0
Deer Lodge,Montana,9491,44809.0
Fallon,Montana,3017,83750.0
Fergus,Montana,11617,52941.0
Flathead,Montana,108454,63582.0
Gallatin,Montana,122713,76208.0
Garfield,Montana,1209,55000.0
Glacier,Montana,13785,39441.0
Golden Valley,Montana,831,46607.0
Granite,Montana,3344,49077.0
Hill,Montana,16179,56840.0
Jefferson,Montana,12470,72500.0
Judith Basin,Montana,2044,51691.0
Lake,Montana,32033,53154.0
Lewis and Clark,Montana,72223,66486.0
Liberty,Montana,1946,46507.0
Lincoln,Montana,20525,41922.0
McCone,Montana,1718,63365.0
Madison,Montana,8917,56410.0
Meagher,Montana,1964,51709.0
Mineral,Montana,4860,50750.0
Missoula,Montana,119533,61423.0
Musselshell,Montana,4896,51153.0
Park,Montana,17473,58510.0
Petroleum,Montana,519,54375.0
Phillips,Montana,4192,50789.0
Pondera,Montana,5994,55865.0
Powder River,Montana,1702,55833.0
Powell,Montana,6999,53111.0
Prairie,Montana,1091,44500.0
Ravalli,Montana,45959,59640.0
Richland,Montana,11283,62530.0
Roosevelt,Montana,10821,47182.0
Rosebud,Montana,8124,59339.0
Sanders,Montana,12959,46848.0
Sheridan,Montana,3527,58786.0
Silver Bow,Montana,35411,50331.0
Stillwater,Montana,9044,72906.0
Sweet Grass,Montana,3723,59238.0
Teton,Montana,6269,60431.0
Toole,Montana,5011,54137.0
Treasure,Montana,768,55313.0
Valley,Montana,7537,53667.0
Wheatland,Montana,2059,38893.0
Wibaux,Montana,934,49000.0
Yellowstone,Montana,167146,65656.0
Adams,Nebraska,31027,57783.0
Antelope,Nebraska,6279,55802.0
Arthur,Nebraska,439,59375.0
Banner,Nebraska,692,57917.0
Blaine,Nebraska,461,49464.0
Boone,Nebraska,5386,63668.0
Box Butte,Nebraska,10604,63366.0
Boyd,Nebraska,1789,54464.0
Brown,Nebraska,2908,43942.0
Buffalo,Nebraska,50339,65810.0
Burt,Nebraska,6709,55769.0
Butler,Nebraska,8444,64837.0
Cass,Nebraska,27017,78251.0
Cedar,Nebraska,8330,69490.0
Chase,Nebraska,3826,55690.0
Cherry,Nebraska,5458,57719.0
Cheyenne,Nebraska,9529,53674.0
Clay,Nebraska,6078,70690.0
Colfax,Nebraska,10498,70381.0
Cuming,Nebraska,8984,63125.0
Custer,Nebraska,10460,57715.0
Dakota,Nebraska,21241,63053.0
Dawes,Nebraska,8148,51925.0
Dawson,Nebraska,23898,58402.0
Deuel,Nebraska,1865,50924.0
Dixon,Nebraska,5545,58849.0
Dodge,Nebraska,37103,60962.0
Douglas,Nebraska,585008,70683.0
Dundy,Nebraska,1635,53696.0
Fillmore,Nebraska,5546,66410.0
Franklin,Nebraska,2903,52400.0
Frontier,Nebraska,2555,59573.0
Furnas,Nebraska,4604,57284.0
Gage,Nebraska,21616,55000.0
Garden,Nebraska,1847,43478.0
Garfield,Nebraska,1839,57888.0
Gosper,Nebraska,1824,69886.0
Grant,Nebraska,579,56806.0
Greeley,Nebraska,2169,48472.0
Hall,Nebraska,61979,60720.0
Hamilton,Nebraska,9386,71211.0
Harlan,Nebraska,3091,59432.0
Hayes,Nebraska,843,51389.0
Hitchcock,Nebraska,2586,47025.0
Holt,Nebraska,10049,60592.0
Hooker,Nebraska,734,51333.0
Howard,Nebraska,6531,64167.0
Jefferson,Nebraska,7176,51587.0
Johnson,Nebraska,5316,53696.0
Kearney,Nebraska,6674,68606.0
Keith,Nebraska,8279,54303.0
Keya Paha,Nebraska,787,54583.0
Kimball,Nebraska,3412,55428.0
Knox,Nebraska,8401,58043.0
Lancaster,Nebraska,324514,65086.0
Lincoln,Nebraska,34133,61309.0
Logan,Nebraska,687,60250.0
Loup,Nebraska,604,46667.0
McPherson,Nebraska,379,53750.0
Madison,Nebraska,35337,55375.0
Merrick,Nebraska,7665,57778.0
Morrill,Nebraska,4574,50859.0
Nance,Nebraska,3390,55473.0
Nemaha,Nebraska,7064,53081.0
Nuckolls,Nebraska,4060,61667.0
Otoe,Nebraska,15930,70072.0
Pawnee,Nebraska,2548,51354.0
Perkins,Nebraska,2832,57250.0
Phelps,Nebraska,8937,61606.0
Pierce,Nebraska,7313,62299.0
Platte,Nebraska,34241,64105.0
Polk,Nebraska,5174,66486.0
Red Willow,Nebraska,10623,53387.0
Richardson,Nebraska,7759,46085.0
Rock,Nebraska,1264,55129.0
Saline,Nebraska,14192,58011.0
Sarpy,Nebraska,193418,88408.0
Saunders,Nebraska,22787,76485.0
Scotts Bluff,Nebraska,35745,56588.0
Seward,Nebraska,17603,73892.0
Sheridan,Nebraska,5095,47901.0
Sherman,Nebraska,2964,57579.0
Sioux,Nebraska,1143,46769.0
Stanton,Nebraska,5816,70583.0
Thayer,Nebraska,4913,56111.0
Thomas,Nebraska,673,51696.0
Thurston,Nebraska,6620,56223.0
Valley,Nebraska,4066,58015.0
Washington,Nebraska,20969,83491.0
Wayne,Nebraska,9784,60971.0
Webster,Nebraska,3411,56786.0
Wheeler,Nebraska,795,51875.0
York,Nebraska,14244,66337.0
Churchill,Nevada,25723,61776.0
Clark,Nevada,2292476,64210.0
Douglas,Nevada,49870,75688.0
Elko,Nevada,53915,82462.0
Esmeralda,Nevada,743,31667.0
Eureka,Nevada,1903,68307.0
Humboldt,Nevada,17648,70315.0
Lander,Nevada,5798,92543.0
Lincoln,Nevada,4525,62164.0
Lyon,Nevada,60903,63952.0
Mineral,Nevada,4586,43009.0
Nye,Nevada,53450,52570.0
Pershing,Nevada,6741,62841.0
Storey,Nevada,4143,66713.0
Washoe,Nevada,493392,74292.0
White Pine,Nevada,9182,63590.0
Carson City (,Nevada,58993,62217.0
Belknap,New Hampshire,64460,75035.0
Carroll,New Hampshire,51500,70873.0
Cheshire,New Hampshire,77329,69360.0
Coos,New Hampshire,31289,52054.0
Grafton,New Hampshire,92201,73755.0
Hillsborough,New Hampshire,424079,86930.0
Merrimack,New Hampshire,155238,82457.0
Rockingham,New Hampshire,316947,101683.0
Strafford,New Hampshire,132416,76560.0
Sullivan,New Hampshire,43533,64587.0
Atlantic,New Jersey,274966,66473.0
Bergen,New Jersey,953819,109497.0
Burlington,New Jersey,464269,95935.0
Camden,New Jersey,523771,75485.0
Cape May,New Jersey,95661,76237.0
Cumberland,New Jersey,153627,58397.0
Essex,New Jersey,854917,67826.0
Gloucester,New Jersey,304477,93208.0
Hudson,New Jersey,702463,79795.0
Hunterdon,New Jersey,129924,123373.0
Mercer,New Jersey,385898,85687.0
Middlesex,New Jersey,860807,96883.0
Monmouth,New Jersey,645354,110356.0
Morris,New Jersey,510981,123727.0
Ocean,New Jersey,648998,76644.0
Passaic,New Jersey,518117,78386.0
Salem,New Jersey,65046,67898.0
Somerset,New Jersey,345647,121695.0
Sussex,New Jersey,145543,101645.0
Union,New Jersey,572114,87369.0
Warren,New Jersey,110731,85163.0
Bernalillo,New Mexico,674393,56920.0
Catron,New Mexico,3731,37623.0
Chaves,New Mexico,64629,47620.0
Cibola,New Mexico,27184,47300.0
Colfax,New Mexico,12369,39483.0
Curry,New Mexico,47999,51199.0
De Baca,New Mexico,1680,32750.0
Doa Ana,New Mexico,221508,47151.0
Eddy,New Mexico,60911,67759.0
Grant,New Mexico,27889,39429.0
Guadalupe,New Mexico,4449,35409.0
Harding,New Mexico,639,35900.0
Hidalgo,New Mexico,4074,46097.0
Lea,New Mexico,73004,62319.0
Lincoln,New Mexico,20436,47247.0
Los Alamos,New Mexico,19330,123677.0
Luna,New Mexico,25532,33914.0
McKinley,New Mexico,71780,40262.0
Mora,New Mexico,4196,37549.0
Otero,New Mexico,68537,46949.0
Quay,New Mexico,8656,33067.0
Rio Arriba,New Mexico,40179,46994.0
Roosevelt,New Mexico,19019,47897.0
Sandoval,New Mexico,151369,68947.0
San Juan,New Mexico,120993,47485.0
San Miguel,New Mexico,27150,36492.0
Santa Fe,New Mexico,155201,64423.0
Sierra,New Mexico,11502,35939.0
Socorro,New Mexico,16311,38242.0
Taos,New Mexico,34623,49481.0
Torrance,New Mexico,15307,44819.0
Union,New Mexico,4107,37443.0
Valencia,New Mexico,77190,53752.0
Albany,New York,313743,73810.0
Allegany,New York,46106,54375.0
Bronx,New York,1424948,43726.0
Broome,New York,197240,53982.0
Cattaraugus,New York,76426,53537.0
Cayuga,New York,75880,59602.0
Chautauqua,New York,126807,50408.0
Chemung,New York,83045,58175.0
Chenango,New York,46537,55690.0
Clinton,New York,79596,62470.0
Columbia,New York,61778,73065.0
Cortland,New York,46311,62163.0
Delaware,New York,44378,52757.0
Dutchess,New York,297112,87112.0
Erie,New York,950683,62578.0
Essex,New York,37268,61563.0
Franklin,New York,47456,55279.0
Fulton,New York,53116,55240.0
Genesee,New York,57853,63734.0
Greene,New York,48499,62810.0
Hamilton,New York,5119,62841.0
Herkimer,New York,59937,60561.0
Jefferson,New York,116295,58271.0
Kings,New York,2641052,67753.0
Lewis,New York,26573,60049.0
Livingston,New York,61578,64467.0
Madison,New York,67658,63312.0
Monroe,New York,755160,66317.0
Montgomery,New York,49558,53533.0
Nassau,New York,1390907,126576.0
New York,New York,1576876,93956.0
Niagara,New York,211653,60834.0
Oneida,New York,230274,61733.0
Onondaga,New York,473236,66012.0
Ontario,New York,112508,70694.0
Orange,New York,404525,85640.0
Orleans,New York,40191,54882.0
Oswego,New York,117387,61983.0
Otsego,New York,58123,60523.0
Putnam,New York,97936,111617.0
Queens,New York,2331143,75886.0
Rensselaer,New York,160232,76731.0
Richmond,New York,493494,89427.0
Rockland,New York,339227,99707.0
St. Lawrence,New York,108051,54351.0
Saratoga,New York,237359,90800.0
Schenectady,New York,158089,69891.0
Schoharie,New York,29863,64220.0
Schuyler,New York,17752,56437.0
Seneca,New York,33688,59086.0
Steuben,New York,92948,58652.0
Suffolk,New York,1526344,111660.0
Sullivan,New York,79806,63393.0
Tioga,New York,47980,64987.0
Tompkins,New York,105162,64260.0
Ulster,New York,182951,71040.0
Warren,New York,65618,68765.0
Washington,New York,60956,63869.0
Wayne,New York,90923,64152.0
Westchester,New York,997895,105387.0
Wyoming,New York,40491,60013.0
Yates,New York,24613,57635.0
Alamance,North Carolina,173877,55078.0
Alexander,North Carolina,36644,55041.0
Alleghany,North Carolina,11049,38930.0
Anson,North Carolina,22060,39862.0
Ashe,North Carolina,26711,43938.0
Avery,North Carolina,17864,46383.0
Beaufort,North Carolina,44468,51894.0
Bertie,North Carolina,17505,37571.0
Bladen,North Carolina,29525,39259.0
Brunswick,North Carolina,144215,64400.0
Buncombe,North Carolina,271534,59699.0
Burke,North Carolina,87611,48142.0
Cabarrus,North Carolina,231278,75765.0
Caldwell,North Carolina,80463,48549.0
Camden,North Carolina,10835,68560.0
Carteret,North Carolina,68541,61805.0
Caswell,North Carolina,22714,53279.0
Catawba,North Carolina,161723,57840.0
Chatham,North Carolina,77889,76791.0
Cherokee,North Carolina,29167,43319.0
Chowan,North Carolina,13722,46288.0
Clay,North Carolina,11309,47155.0
Cleveland,North Carolina,100359,45646.0
Columbus,North Carolina,50092,40562.0
Craven,North Carolina,100674,56325.0
Cumberland,North Carolina,335508,50746.0
Currituck,North Carolina,29653,79416.0
Dare,North Carolina,37826,69500.0
Davidson,North Carolina,170637,53083.0
Davie,North Carolina,43533,64657.0
Duplin,North Carolina,48515,45744.0
Durham,North Carolina,326126,67000.0
Edgecombe,North Carolina,48359,41974.0
Forsyth,North Carolina,385523,56830.0
Franklin,North Carolina,71703,62332.0
Gaston,North Carolina,230856,56819.0
Gates,North Carolina,10366,51599.0
Graham,North Carolina,8043,41977.0
Granville,North Carolina,61986,60606.0
Greene,North Carolina,20417,45766.0
Guilford,North Carolina,542410,58646.0
Halifax,North Carolina,48272,37832.0
Harnett,North Carolina,135966,59676.0
Haywood,North Carolina,62476,52063.0
Henderson,North Carolina,116829,59928.0
Hertford,North Carolina,21278,43523.0
Hoke,North Carolina,53114,53456.0
Hyde,North Carolina,4508,48577.0
Iredell,North Carolina,191968,66824.0
Jackson,North Carolina,43410,47989.0
Johnston,North Carolina,226504,66026.0
Jones,North Carolina,9255,42401.0
Lee,North Carolina,64138,57674.0
Lenoir,North Carolina,54706,41092.0
Lincoln,North Carolina,89670,65399.0
McDowell,North Carolina,44717,50615.0
Macon,North Carolina,37564,48169.0
Madison,North Carolina,21502,51396.0
Martin,North Carolina,21754,41798.0
Mecklenburg,North Carolina,1122276,73124.0
Mitchell,North Carolina,14963,48320.0
Montgomery,North Carolina,25798,50618.0
Moore,North Carolina,102763,67440.0
Nash,North Carolina,95176,52837.0
New Hanover,North Carolina,229018,62362.0
Northampton,North Carolina,17129,39764.0
Onslow,North Carolina,206160,54732.0
Orange,North Carolina,148884,79205.0
Pamlico,North Carolina,12344,52124.0
Pasquotank,North Carolina,40821,56510.0
Pender,North Carolina,62815,65681.0
Perquimans,North Carolina,13130,53138.0
Person,North Carolina,39127,55759.0
Pitt,North Carolina,172169,50422.0
Polk,North Carolina,19656,55058.0
Randolph,North Carolina,145172,51598.0
Richmond,North Carolina,42724,38926.0
Robeson,North Carolina,116328,36736.0
Rockingham,North Carolina,91266,46993.0
Rowan,North Carolina,148150,53600.0
Rutherford,North Carolina,64586,45500.0
Sampson,North Carolina,58990,45127.0
Scotland,North Carolina,34227,39866.0
Stanly,North Carolina,63425,56462.0
Stokes,North Carolina,44553,52637.0
Surry,North Carolina,71152,50881.0
Swain,North Carolina,14136,48608.0
Transylvania,North Carolina,33165,57830.0
Tyrrell,North Carolina,3254,40938.0
Union,North Carolina,243648,88465.0
Vance,North Carolina,42185,45243.0
Wake,North Carolina,1150204,88471.0
Warren,North Carolina,18762,39588.0
Washington,North Carolina,10892,32937.0
Watauga,North Carolina,54234,48786.0
Wayne,North Carolina,116835,49488.0
Wilkes,North Carolina,65806,46079.0
Wilson,North Carolina,78369,47348.0
Yadkin,North Carolina,37192,51348.0
Yancey,North Carolina,18757,45324.0
Adams,North Dakota,2167,52896.0
Barnes,North Dakota,10806,64016.0
Benson,North Dakota,5809,54375.0
Billings,North Dakota,955,71375.0
Bottineau,North Dakota,6390,68095.0
Bowman,North Dakota,2903,76447.0
Burke,North Dakota,2158,97802.0
Burleigh,North Dakota,98933,76043.0
Cass,North Dakota,186562,68718.0
Cavalier,North Dakota,3662,60284.0
Dickey,North Dakota,4897,58267.0
Divide,North Dakota,2188,83438.0
Dunn,North Dakota,4035,84459.0
Eddy,North Dakota,2337,44958.0
Emmons,North Dakota,3271,56713.0
Foster,North Dakota,3364,71250.0
Golden Valley,North Dakota,1770,83295.0
Grand Forks,North Dakota,72705,57213.0
Grant,North Dakota,2323,57200.0
Griggs,North Dakota,2281,64196.0
Hettinger,North Dakota,2430,62865.0
Kidder,North Dakota,2369,52419.0
LaMoure,North Dakota,4066,63594.0
Logan,North Dakota,1883,53929.0
McHenry,North Dakota,5249,71612.0
McIntosh,North Dakota,2513,58056.0
McKenzie,North Dakota,13819,78442.0
McLean,North Dakota,9796,72324.0
Mercer,North Dakota,8323,78547.0
Morton,North Dakota,33611,75177.0
Mountrail,North Dakota,9576,76520.0
Nelson,North Dakota,3054,56724.0
Oliver,North Dakota,1873,64148.0
Pembina,North Dakota,6767,61795.0
Pierce,North Dakota,3953,59803.0
Ramsey,North Dakota,11572,55534.0
Ransom,North Dakota,5675,67480.0
Renville,North Dakota,2266,71218.0
Richland,North Dakota,16560,62481.0
Rolette,North Dakota,12048,49434.0
Sargent,North Dakota,3829,67467.0
Sheridan,North Dakota,1268,61125.0
Sioux,North Dakota,3738,39755.0
Slope,North Dakota,690,67614.0
Stark,North Dakota,33046,70364.0
Steele,North Dakota,1810,81354.0
Stutsman,North Dakota,21576,54652.0
Towner,North Dakota,2140,51912.0
Traill,North Dakota,8003,73113.0
Walsh,North Dakota,10469,59368.0
Ward,North Dakota,69071,72227.0
Wells,North Dakota,3905,58932.0
Williams,North Dakota,38484,80142.0
Adams,Ohio,27542,44467.0
Allen,Ohio,101670,55114.0
Ashland,Ohio,52316,58168.0
Ashtabula,Ohio,97337,49680.0
Athens,Ohio,62056,47061.0
Auglaize,Ohio,46141,69315.0
Belmont,Ohio,65849,54191.0
Brown,Ohio,43662,59766.0
Butler,Ohio,390234,72281.0
Carroll,Ohio,26691,55954.0
Champaign,Ohio,38699,62865.0
Clark,Ohio,135633,54869.0
Clermont,Ohio,209642,73013.0
Clinton,Ohio,42004,57409.0
Columbiana,Ohio,101310,51664.0
Coshocton,Ohio,36618,49297.0
Crawford,Ohio,41754,48449.0
Cuyahoga,Ohio,1249387,55109.0
Darke,Ohio,51597,57440.0
Defiance,Ohio,38144,65779.0
Delaware,Ohio,220740,116284.0
Erie,Ohio,74852,60149.0
Fairfield,Ohio,161064,77241.0
Fayette,Ohio,28906,52964.0
Franklin,Ohio,1321414,65999.0
Fulton,Ohio,42450,65418.0
Gallia,Ohio,29158,50773.0
Geauga,Ohio,95565,90285.0
Greene,Ohio,168412,75901.0
Guernsey,Ohio,38287,48434.0
Hamilton,Ohio,826139,63080.0
Hancock,Ohio,74656,60828.0
Hardin,Ohio,30621,52112.0
Harrison,Ohio,14477,51993.0
Henry,Ohio,27538,64513.0
Highland,Ohio,43354,52376.0
Hocking,Ohio,28097,56755.0
Holmes,Ohio,44271,69454.0
Huron,Ohio,58367,59049.0
Jackson,Ohio,32511,50983.0
Jefferson,Ohio,64789,49211.0
Knox,Ohio,62897,64439.0
Lake,Ohio,232023,70168.0
Lawrence,Ohio,57445,48947.0
Licking,Ohio,180401,72771.0
Logan,Ohio,46035,64196.0
Lorain,Ohio,315595,62390.0
Lucas,Ohio,429191,53176.0
Madison,Ohio,44386,72811.0
Mahoning,Ohio,226762,50750.0
Marion,Ohio,65291,51144.0
Medina,Ohio,183092,82894.0
Meigs,Ohio,22049,44113.0
Mercer,Ohio,42309,68692.0
Miami,Ohio,109264,66284.0
Monroe,Ohio,13329,50503.0
Montgomery,Ohio,535840,56543.0
Morgan,Ohio,13682,44848.0
Morrow,Ohio,35151,63411.0
Muskingum,Ohio,86408,52224.0
Noble,Ohio,14176,46144.0
Ottawa,Ohio,40104,64463.0
Paulding,Ohio,18871,59987.0
Perry,Ohio,35460,58616.0
Pickaway,Ohio,59333,63629.0
Pike,Ohio,27089,44961.0
Portage,Ohio,162382,64163.0
Preble,Ohio,40867,60527.0
Putnam,Ohio,34318,73122.0
Richland,Ohio,125195,52605.0
Ross,Ohio,76891,54004.0
Sandusky,Ohio,58715,56414.0
Scioto,Ohio,73346,43266.0
Seneca,Ohio,54906,56043.0
Shelby,Ohio,47977,66536.0
Stark,Ohio,373834,58170.0
Summit,Ohio,537633,63111.0
Trumbull,Ohio,201335,50258.0
Tuscarawas,Ohio,92500,57545.0
Union,Ohio,64971,96634.0
Van Wert,Ohio,28732,59210.0
Vinton,Ohio,12696,46653.0
Warren,Ohio,246553,95709.0
Washington,Ohio,59423,54167.0
Wayne,Ohio,116710,64594.0
Williams,Ohio,36716,55030.0
Wood,Ohio,132472,66337.0
Wyandot,Ohio,21708,61626.0
Adair,Oklahoma,19414,37940.0
Alfalfa,Oklahoma,5710,66552.0
Atoka,Oklahoma,14324,45148.0
Beaver,Oklahoma,4980,60152.0
Beckham,Oklahoma,22046,50365.0
Blaine,Oklahoma,8562,52538.0
Bryan,Oklahoma,47105,49225.0
Caddo,Oklahoma,26368,47566.0
Canadian,Oklahoma,161737,76973.0
Carter,Oklahoma,48291,52906.0
Cherokee,Oklahoma,47627,47421.0
Choctaw,Oklahoma,14307,38854.0
Cimarron,Oklahoma,2248,50350.0
Cleveland,Oklahoma,297597,67068.0
Coal,Oklahoma,5276,43697.0
Comanche,Oklahoma,122063,54483.0
Cotton,Oklahoma,5480,54787.0
Craig,Oklahoma,14115,45094.0
Creek,Oklahoma,72029,56384.0
Custer,Oklahoma,28163,55074.0
Delaware,Oklahoma,41000,46588.0
Dewey,Oklahoma,4417,53672.0
Ellis,Oklahoma,3762,52250.0
Garfield,Oklahoma,61926,60732.0
Garvin,Oklahoma,25804,50441.0
Grady,Oklahoma,55508,68925.0
Grant,Oklahoma,4131,54150.0
Greer,Oklahoma,5487,49203.0
Harmon,Oklahoma,2418,55369.0
Harper,Oklahoma,3180,51481.0
Haskell,Oklahoma,11602,43622.0
Hughes,Oklahoma,13405,42425.0
Jackson,Oklahoma,24777,55551.0
Jefferson,Oklahoma,5438,43438.0
Johnston,Oklahoma,10301,46754.0
Kay,Oklahoma,43732,50391.0
Kingfisher,Oklahoma,15204,61657.0
Kiowa,Oklahoma,8410,36985.0
Latimer,Oklahoma,9427,39939.0
Le Flore,Oklahoma,48476,43049.0
Lincoln,Oklahoma,33829,54578.0
Logan,Oklahoma,50885,74744.0
Love,Oklahoma,10216,55568.0
McClain,Oklahoma,43516,73914.0
McCurtain,Oklahoma,30884,43435.0
McIntosh,Oklahoma,19245,40792.0
Major,Oklahoma,7668,60025.0
Marshall,Oklahoma,15594,51345.0
Mayes,Oklahoma,39159,52956.0
Murray,Oklahoma,13718,54160.0
Muskogee,Oklahoma,66146,44166.0
Noble,Oklahoma,10933,62910.0
Nowata,Oklahoma,9303,46786.0
Okfuskee,Oklahoma,11197,43000.0
Oklahoma,Oklahoma,798575,58239.0
Okmulgee,Oklahoma,36843,48689.0
Osage,Oklahoma,45772,54036.0
Ottawa,Oklahoma,30340,42311.0
Pawnee,Oklahoma,15741,53084.0
Payne,Oklahoma,81989,43686.0
Pittsburg,Oklahoma,43633,49669.0
Pontotoc,Oklahoma,38163,55862.0
Pottawatomie,Oklahoma,73019,54896.0
Pushmataha,Oklahoma,10815,40721.0
Roger Mills,Oklahoma,3386,58385.0
Rogers,Oklahoma,96695,69322.0
Seminole,Oklahoma,23567,40190.0
Sequoyah,Oklahoma,39508,43496.0
Stephens,Oklahoma,43129,53470.0
Texas,Oklahoma,20865,50781.0
Tillman,Oklahoma,7076,41138.0
Tulsa,Oklahoma,672858,60382.0
Wagoner,Oklahoma,84050,68906.0
Washington,Oklahoma,52772,55216.0
Washita,Oklahoma,10915,55750.0
Woods,Oklahoma,8583,55933.0
Woodward,Oklahoma,20205,55700.0
Baker,Oregon,16847,46922.0
Benton,Oregon,96017,68732.0
Clackamas,Oregon,422537,88517.0
Clatsop,Oregon,41810,61846.0
Columbia,Oregon,53074,73909.0
Coos,Oregon,64999,52548.0
Crook,Oregon,25739,64820.0
Curry,Oregon,23683,57553.0
Deschutes,Oregon,204801,74082.0
Douglas,Oregon,111978,52479.0
Gilliam,Oregon,2005,51705.0
Grant,Oregon,7272,51100.0
Harney,Oregon,7575,42095.0
Hood River,Oregon,24057,77815.0
Jackson,Oregon,223734,61020.0
Jefferson,Oregon,25068,59748.0
Josephine,Oregon,88346,51733.0
Klamath,Oregon,70164,50790.0
Lake,Oregon,8276,50685.0
Lane,Oregon,383189,59016.0
Lincoln,Oregon,50862,54961.0
Linn,Oregon,129839,63313.0
Malheur,Oregon,31693,47906.0
Marion,Oregon,347119,64880.0
Morrow,Oregon,12303,61659.0
Multnomah,Oregon,803377,76290.0
Polk,Oregon,89164,70238.0
Sherman,Oregon,1907,53606.0
Tillamook,Oregon,27748,55730.0
Umatilla,Oregon,79988,63123.0
Union,Oregon,26212,55227.0
Wallowa,Oregon,7545,57891.0
Wasco,Oregon,26726,57853.0
Washington,Oregon,600811,92025.0
Wheeler,Oregon,1451,46648.0
Yamhill,Oregon,108239,73409.0
Adams,Pennsylvania,104127,72492.0
Allegheny,Pennsylvania,1238090,66659.0
Armstrong,Pennsylvania,65093,56838.0
Beaver,Pennsylvania,166624,62152.0
Bedford,Pennsylvania,47461,54596.0
Berks,Pennsylvania,429342,69272.0
Blair,Pennsylvania,121767,54368.0
Bradford,Pennsylvania,59892,54383.0
Bucks,Pennsylvania,646098,99302.0
Butler,Pennsylvania,194273,77065.0
Cambria,Pennsylvania,132167,51018.0
Cameron,Pennsylvania,4459,43615.0
Carbon,Pennsylvania,65412,59289.0
Centre,Pennsylvania,157527,64995.0
Chester,Pennsylvania,538649,109969.0
Clarion,Pennsylvania,37156,53096.0
Clearfield,Pennsylvania,80082,52826.0
Clinton,Pennsylvania,37465,53792.0
Columbia,Pennsylvania,64872,55572.0
Crawford,Pennsylvania,83351,55042.0
Cumberland,Pennsylvania,262919,77001.0
Dauphin,Pennsylvania,287400,66480.0
Delaware,Pennsylvania,573849,80398.0
Elk,Pennsylvania,30783,57551.0
Erie,Pennsylvania,269011,55949.0
Fayette,Pennsylvania,126931,51321.0
Forest,Pennsylvania,7032,43958.0
Franklin,Pennsylvania,156289,66329.0
Fulton,Pennsylvania,14523,58343.0
Greene,Pennsylvania,35369,57497.0
Huntingdon,Pennsylvania,43889,57055.0
Indiana,Pennsylvania,82886,52546.0
Jefferson,Pennsylvania,44114,52815.0
Juniata,Pennsylvania,23297,56382.0
Lackawanna,Pennsylvania,215663,58366.0
Lancaster,Pennsylvania,553652,73688.0
Lawrence,Pennsylvania,85497,53106.0
Lebanon,Pennsylvania,143493,66164.0
Lehigh,Pennsylvania,375539,69440.0
Luzerne,Pennsylvania,326053,56534.0
Lycoming,Pennsylvania,113605,58177.0
McKean,Pennsylvania,39941,52350.0
Mercer,Pennsylvania,109972,52810.0
Mifflin,Pennsylvania,46136,54738.0
Monroe,Pennsylvania,169273,72679.0
Montgomery,Pennsylvania,860578,99361.0
Montour,Pennsylvania,18087,64858.0
Northampton,Pennsylvania,313628,77103.0
Northumberland,Pennsylvania,91266,51005.0
Perry,Pennsylvania,45986,72922.0
Philadelphia,Pennsylvania,1576251,52649.0
Pike,Pennsylvania,59952,71360.0
Potter,Pennsylvania,16259,50944.0
Schuylkill,Pennsylvania,143264,57785.0
Snyder,Pennsylvania,39621,62951.0
Somerset,Pennsylvania,73627,54332.0
Sullivan,Pennsylvania,5868,54074.0
Susquehanna,Pennsylvania,38389,59391.0
Tioga,Pennsylvania,40929,54671.0
Union,Pennsylvania,42568,61807.0
Venango,Pennsylvania,49938,55899.0
Warren,Pennsylvania,38134,55796.0
Washington,Pennsylvania,209470,68787.0
Wayne,Pennsylvania,51431,56744.0
Westmoreland,Pennsylvania,353057,64708.0
Wyoming,Pennsylvania,26034,62795.0
York,Pennsylvania,458696,72543.0
Bristol,Rhode Island,50818,95102.0
Kent,Rhode Island,170715,79880.0
Newport,Rhode Island,85264,90435.0
Providence,Rhode Island,658221,65797.0
Washington,Rhode Island,130592,92001.0
Abbeville,South Carolina,24299,45710.0
Aiken,South Carolina,170776,57572.0
Allendale,South Carolina,7858,31800.0
Anderson,South Carolina,206908,56796.0
Bamberg,South Carolina,13189,44408.0
Barnwell,South Carolina,20580,38237.0
Beaufort,South Carolina,191748,74199.0
Berkeley,South Carolina,236701,70786.0
Calhoun,South Carolina,14165,52491.0
Charleston,South Carolina,413024,70807.0
Cherokee,South Carolina,56052,41330.0
Chester,South Carolina,32209,46441.0
Chesterfield,South Carolina,43268,45046.0
Clarendon,South Carolina,31024,45542.0
Colleton,South Carolina,38462,41419.0
Darlington,South Carolina,62755,40704.0
Dillon,South Carolina,28087,39780.0
Dorchester,South Carolina,163327,68046.0
Edgefield,South Carolina,26153,55183.0
Fairfield,South Carolina,20690,41755.0
Florence,South Carolina,136504,51902.0
Georgetown,South Carolina,63921,55719.0
Greenville,South Carolina,533834,65513.0
Greenwood,South Carolina,69241,44513.0
Hampton,South Carolina,18180,38298.0
Horry,South Carolina,365579,54688.0
Jasper,South Carolina,30324,47811.0
Kershaw,South Carolina,66130,56449.0
Lancaster,South Carolina,100336,67407.0
Laurens,South Carolina,67803,46754.0
Lee,South Carolina,16280,36195.0
Lexington,South Carolina,300137,65623.0
McCormick,South Carolina,9760,53193.0
Marion,South Carolina,28784,34465.0
Marlboro,South Carolina,26382,32136.0
Newberry,South Carolina,37996,50950.0
Oconee,South Carolina,79203,52842.0
Orangeburg,South Carolina,82962,38052.0
Pickens,South Carolina,132229,53188.0
Richland,South Carolina,418307,56137.0
Saluda,South Carolina,18821,46451.0
Spartanburg,South Carolina,335864,57627.0
Sumter,South Carolina,104758,49040.0
Union,South Carolina,27016,40048.0
Williamsburg,South Carolina,30484,40124.0
York,South Carolina,288595,72234.0
Aurora,South Dakota,2748,64960.0
Beadle,South Dakota,19121,56692.0
Bennett,South Dakota,3406,40664.0
Bon Homme,South Dakota,7014,53575.0
Brookings,South Dakota,34639,59178.0
Brown,South Dakota,38101,63805.0
Brule,South Dakota,5242,60857.0
Buffalo,South Dakota,1923,38523.0
Butte,South Dakota,10456,48941.0
Campbell,South Dakota,1380,58026.0
Charles Mix,South Dakota,9163,52981.0
Clark,South Dakota,3855,54473.0
Clay,South Dakota,15150,56077.0
Codington,South Dakota,28427,61496.0
Corson,South Dakota,3872,38281.0
Custer,South Dakota,8609,68736.0
Davison,South Dakota,19878,50900.0
Day,South Dakota,5414,52775.0
Deuel,South Dakota,4272,70808.0
Dewey,South Dakota,5246,46087.0
Douglas,South Dakota,2821,66750.0
Edmunds,South Dakota,4033,69732.0
Fall River,South Dakota,7202,51007.0
Faulk,South Dakota,2137,53056.0
Grant,South Dakota,7519,70483.0
Gregory,South Dakota,3977,44654.0
Haakon,South Dakota,1835,51016.0
Hamlin,South Dakota,6255,71923.0
Hand,South Dakota,3095,61121.0
Hanson,South Dakota,3505,75132.0
Harding,South Dakota,1327,64250.0
Hughes,South Dakota,17694,77725.0
Hutchinson,South Dakota,7411,62448.0
Hyde,South Dakota,1236,66328.0
Jackson,South Dakota,2878,25357.0
Jerauld,South Dakota,1636,58375.0
Jones,South Dakota,879,52321.0
Kingsbury,South Dakota,5192,62634.0
Lake,South Dakota,10851,67297.0
Lawrence,South Dakota,26165,56166.0
Lincoln,South Dakota,67870,87560.0
Lyman,South Dakota,3764,55977.0
McCook,South Dakota,5695,72063.0
McPherson,South Dakota,2420,54324.0
Marshall,South Dakota,4304,69236.0
Meade,South Dakota,30173,68242.0
Mellette,South Dakota,1908,35726.0
Miner,South Dakota,2314,56351.0
Minnehaha,South Dakota,199685,66502.0
Moody,South Dakota,6315,66000.0
Oglala Lakota,South Dakota,13586,33192.0
Pennington,South Dakota,111806,62546.0
Perkins,South Dakota,2819,59432.0
Potter,South Dakota,2475,59408.0
Roberts,South Dakota,10163,53618.0
Sanborn,South Dakota,2378,58409.0
Spink,South Dakota,6269,63802.0
Stanley,South Dakota,3032,76402.0
Sully,South Dakota,1476,59688.0
Todd,South Dakota,9286,26250.0
Tripp,South Dakota,5569,52274.0
Turner,South Dakota,8708,66199.0
Union,South Dakota,16872,80238.0
Walworth,South Dakota,5248,51746.0
Yankton,South Dakota,23297,67052.0
Ziebach,South Dakota,2380,38750.0
Anderson,Tennessee,77576,55414.0
Bedford,Tennessee,51119,55354.0
Benton,Tennessee,15872,40258.0
Bledsoe,Tennessee,15234,51884.0
Blount,Tennessee,137605,64593.0
Bradley,Tennessee,110162,55426.0
Campbell,Tennessee,39578,46110.0
Cannon,Tennessee,14553,54223.0
Carroll,Tennessee,28432,44794.0
Carter,Tennessee,56134,44280.0
Cheatham,Tennessee,41523,69132.0
Chester,Tennessee,17504,52692.0
Claiborne,Tennessee,32267,41938.0
Clay,Tennessee,7555,38709.0
Cocke,Tennessee,36418,41558.0
Coffee,Tennessee,59032,52626.0
Crockett,Tennessee,13979,52136.0
Cumberland,Tennessee,62451,52630.0
Davidson,Tennessee,703953,66047.0
Decatur,Tennessee,11391,43817.0
DeKalb,Tennessee,20478,45728.0
Dickson,Tennessee,55292,61388.0
Dyer,Tennessee,36615,50245.0
Fayette,Tennessee,42832,69729.0
Fentress,Tennessee,18850,43464.0
Franklin,Tennessee,43215,52189.0
Gibson,Tennessee,50541,49615.0
Giles,Tennessee,30542,54061.0
Grainger,Tennessee,23763,44917.0
Greene,Tennessee,70621,47361.0
Grundy,Tennessee,13622,45150.0
Hamblen,Tennessee,64468,45275.0
Hamilton,Tennessee,369135,61050.0
Hancock,Tennessee,6787,29650.0
Hardeman,Tennessee,25426,41138.0
Hardin,Tennessee,26892,45092.0
Hawkins,Tennessee,57288,49101.0
Haywood,Tennessee,17694,39952.0
Henderson,Tennessee,27953,47885.0
Henry,Tennessee,32239,43444.0
Hickman,Tennessee,25307,48527.0
Houston,Tennessee,8317,46535.0
Humphreys,Tennessee,19211,49745.0
Jackson,Tennessee,11750,41890.0
Jefferson,Tennessee,55624,54371.0
Johnson,Tennessee,18170,42552.0
Knox,Tennessee,486677,62911.0
Lake,Tennessee,7128,34923.0
Lauderdale,Tennessee,25108,43025.0
Lawrence,Tennessee,44828,45721.0
Lewis,Tennessee,12857,38664.0
Lincoln,Tennessee,35433,57455.0
Loudon,Tennessee,56690,66151.0
McMinn,Tennessee,54059,51253.0
McNairy,Tennessee,25860,42691.0
Macon,Tennessee,25699,43605.0
Madison,Tennessee,98775,51526.0
Marion,Tennessee,28877,53148.0
Marshall,Tennessee,34984,60036.0
Maury,Tennessee,104760,66353.0
Meigs,Tennessee,13049,54420.0
Monroe,Tennessee,46698,48488.0
Montgomery,Tennessee,227900,63768.0
Moore,Tennessee,6644,64926.0
Morgan,Tennessee,21254,45133.0
Obion,Tennessee,30466,45606.0
Overton,Tennessee,22839,39737.0
Perry,Tennessee,8472,51786.0
Pickett,Tennessee,5079,42931.0
Polk,Tennessee,17776,49446.0
Putnam,Tennessee,81188,49228.0
Rhea,Tennessee,33136,48872.0
Roane,Tennessee,53992,60044.0
Robertson,Tennessee,74098,67597.0
Rutherford,Tennessee,352182,72985.0
Scott,Tennessee,21917,38409.0
Sequatchie,Tennessee,16396,47835.0
Sevier,Tennessee,99517,54363.0
Shelby,Tennessee,924454,55015.0
Smith,Tennessee,20172,52018.0
Stewart,Tennessee,13855,51460.0
Sullivan,Tennessee,159265,49661.0
Sumner,Tennessee,200557,73517.0
Tipton,Tennessee,61004,63783.0
Trousdale,Tennessee,12035,58274.0
Unicoi,Tennessee,17698,47610.0
Union,Tennessee,20040,50868.0
Van Buren,Tennessee,6324,44444.0
Warren,Tennessee,41523,46189.0
Washington,Tennessee,134236,52503.0
Wayne,Tennessee,16409,45402.0
Weakley,Tennessee,33036,43773.0
White,Tennessee,27650,44777.0
Williamson,Tennessee,255735,116492.0
Wilson,Tennessee,151917,82224.0
Anderson,Texas,58402,49736.0
Andrews,Texas,18440,80518.0
Angelina,Texas,86506,52377.0
Aransas,Texas,24510,51509.0
Archer,Texas,8681,67083.0
Armstrong,Texas,1839,71136.0
Atascosa,Texas,49939,63391.0
Austin,Texas,30380,68400.0
Bailey,Texas,6835,64044.0
Bandera,Texas,21565,64495.0
Bastrop,Texas,102058,78339.0
Baylor,Texas,3477,43705.0
Bee,Texas,30924,48822.0
Bell,Texas,379617,57932.0
Bexar,Texas,2028236,62169.0
Blanco,Texas,11886,71201.0
Borden,Texas,617,68500.0
Bosque,Texas,18503,59328.0
Bowie,Texas,92581,54949.0
Brazoria,Texas,379689,87958.0
Brazos,Texas,237032,52658.0
Brewster,Texas,9450,48679.0
Briscoe,Texas,1403,38469.0
Brooks,Texas,6994,26827.0
Brown,Texas,38192,49232.0
Burleson,Texas,18051,64109.0
Burnet,Texas,50954,65363.0
Caldwell,Texas,46791,63380.0
Calhoun,Texas,19727,61887.0
Callahan,Texas,14115,55820.0
Cameron,Texas,423029,43057.0
Camp,Texas,12616,50947.0
Carson,Texas,5746,76786.0
Cass,Texas,28560,49626.0
Castro,Texas,7374,53551.0
Chambers,Texas,48865,93707.0
Cherokee,Texas,51097,54222.0
Childress,Texas,6736,53092.0
Clay,Texas,10263,69967.0
Cochran,Texas,2516,38203.0
Coke,Texas,3321,42639.0
Coleman,Texas,7735,47216.0
Collin,Texas,1109462,104327.0
Collingsworth,Texas,2615,42446.0
Colorado,Texas,20630,55945.0
Comal,Texas,174986,85912.0
Comanche,Texas,13775,55743.0
Concho,Texas,3341,46719.0
Cooke,Texas,42244,63338.0
Coryell,Texas,84232,58414.0
Cottle,Texas,1381,43654.0
Crane,Texas,4680,67804.0
Crockett,Texas,3068,52731.0
Crosby,Texas,5106,44304.0
Culberson,Texas,2193,34239.0
Dallam,Texas,7172,61069.0
Dallas,Texas,2586050,65011.0
Dawson,Texas,12413,42778.0
Deaf Smith,Texas,18329,49611.0
Delta,Texas,5392,58705.0
Denton,Texas,941647,96265.0
DeWitt,Texas,19918,57873.0
Dickens,Texas,1740,42241.0
Dimmit,Texas,8473,25000.0
Donley,Texas,3268,52888.0
Duval,Texas,9756,43836.0
Eastland,Texas,17864,43953.0
Ector,Texas,161091,64975.0
Edwards,Texas,1438,40000.0
Ellis,Texas,202678,85272.0
El Paso,Texas,867947,50919.0
Erath,Texas,43378,56691.0
Falls,Texas,17313,35317.0
Fannin,Texas,36569,59686.0
Fayette,Texas,24687,66624.0
Fisher,Texas,3706,55862.0
Floyd,Texas,5350,54007.0
Foard,Texas,1080,37679.0
Fort Bend,Texas,858527,102590.0
Franklin,Texas,10464,61391.0
Freestone,Texas,19774,55910.0
Frio,Texas,18436,58456.0
Gaines,Texas,21895,67728.0
Galveston,Texas,355062,79328.0
Garza,Texas,5863,64871.0
Gillespie,Texas,27297,64438.0
Glasscock,Texas,1149,85417.0
Goliad,Texas,7163,52335.0
Gonzales,Texas,19641,55698.0
Gray,Texas,21030,50635.0
Grayson,Texas,139336,62078.0
Gregg,Texas,124201,56566.0
Grimes,Texas,30287,59086.0
Guadalupe,Texas,177036,80047.0
Hale,Texas,32220,48649.0
Hall,Texas,2845,41467.0
Hamilton,Texas,8229,44030.0
Hansford,Texas,5159,47500.0
Hardeman,Texas,3552,56400.0
Hardin,Texas,56973,65347.0
Harris,Texas,4728030,65788.0
Harrison,Texas,69150,57996.0
Hartley,Texas,5397,61196.0
Haskell,Texas,5411,48432.0
Hays,Texas,255397,71061.0
Hemphill,Texas,3271,54867.0
Henderson,Texas,83667,51963.0
Hidalgo,Texas,880356,44666.0
Hill,Texas,36471,57800.0
Hockley,Texas,21363,49241.0
Hood,Texas,64222,75851.0
Hopkins,Texas,37211,57745.0
Houston,Texas,22241,43644.0
Howard,Texas,34128,60260.0
Hudspeth,Texas,3287,32404.0
Hunt,Texas,103394,61053.0
Hutchinson,Texas,20495,57288.0
Irion,Texas,1552,39770.0
Jack,Texas,8712,56916.0
Jackson,Texas,15121,60807.0
Jasper,Texas,32975,44356.0
Jeff Davis,Texas,1949,38659.0
Jefferson,Texas,253704,53613.0
Jim Hogg,Texas,4801,37342.0
Jim Wells,Texas,38847,47629.0
Johnson,Texas,187280,70767.0
Jones,Texas,19873,55575.0
Karnes,Texas,14754,49526.0
Kaufman,Texas,157768,75187.0
Kendall,Texas,46788,100706.0
Kenedy,Texas,340,42778.0
Kent,Texas,749,63994.0
Kerr,Texas,53161,62204.0
Kimble,Texas,4365,55677.0
King,Texas,258,42125.0
Kinney,Texas,3130,58925.0
Kleberg,Texas,30635,49986.0
Knox,Texas,3351,50163.0
Lamar,Texas,50098,51561.0
Lamb,Texas,12898,50041.0
Lampasas,Texas,22252,66506.0
La Salle,Texas,6670,61042.0
Lavaca,Texas,20544,57602.0
Lee,Texas,17706,60750.0
Leon,Texas,15959,48676.0
Liberty,Texas,97621,53871.0
Limestone,Texas,22119,49507.0
Lipscomb,Texas,2931,66250.0
Live Oak,Texas,11377,52870.0
Llano,Texas,21978,62839.0
Loving,Texas,57,
Lubbock,Texas,314451,56529.0
Lynn,Texas,5688,49747.0
McCulloch,Texas,7533,46552.0
McLennan,Texas,263115,53723.0
McMullen,Texas,608,63056.0
Madison,Texas,13718,59923.0
Marion,Texas,9645,43153.0
Martin,Texas,5211,69194.0
Mason,Texas,3943,73186.0
Matagorda,Texas,36344,48566.0
Maverick,Texas,58056,44502.0
Medina,Texas,51981,67180.0
Menard,Texas,1982,40341.0
Midland,Texas,167969,88210.0
Milam,Texas,25106,52810.0
Mills,Texas,4480,53483.0
Mitchell,Texas,9070,50144.0
Montague,Texas,20409,59127.0
Montgomery,Texas,648886,88597.0
Moore,Texas,21118,55543.0
Morris,Texas,12030,46468.0
Motley,Texas,1067,59286.0
Nacogdoches,Texas,64668,47306.0
Navarro,Texas,53591,50466.0
Newton,Texas,12241,38116.0
Nolan,Texas,14597,44700.0
Nueces,Texas,353079,59477.0
Ochiltree,Texas,9782,57413.0
Oldham,Texas,1717,68077.0
Orange,Texas,84742,68756.0
Palo Pinto,Texas,28686,59796.0
Panola,Texas,22675,54853.0
Parker,Texas,156764,88535.0
Parmer,Texas,9813,62885.0
Pecos,Texas,15118,55652.0
Polk,Texas,51899,52826.0
Potter,Texas,116547,45096.0
Presidio,Texas,6140,26395.0
Rains,Texas,12509,55758.0
Randall,Texas,143854,70544.0
Reagan,Texas,3253,62829.0
Real,Texas,2826,44083.0
Red River,Texas,11555,40674.0
Reeves,Texas,14487,53548.0
Refugio,Texas,6756,50745.0
Roberts,Texas,797,62717.0
Robertson,Texas,16958,55709.0
Rockwall,Texas,116381,111595.0
Runnels,Texas,9943,52103.0
Rusk,Texas,52743,60330.0
Sabine,Texas,10039,41308.0
San Augustine,Texas,7922,43130.0
San Jacinto,Texas,27878,46678.0
San Patricio,Texas,69699,59532.0
San Saba,Texas,5827,46927.0
Schleicher,Texas,2429,61094.0
Scurry,Texas,16824,53376.0
Shackelford,Texas,3212,54896.0
Shelby,Texas,23939,44504.0
Sherman,Texas,2798,55667.0
Smith,Texas,237186,62518.0
Somervell,Texas,9469,89253.0
Starr,Texas,66049,33334.0
Stephens,Texas,9173,46537.0
Sterling,Texas,1381,55481.0
Stonewall,Texas,1217,62273.0
Sutton,Texas,3319,61538.0
Swisher,Texas,7008,39685.0
Tarrant,Texas,2126477,73545.0
Taylor,Texas,143326,57811.0
Terrell,Texas,724,47012.0
Terry,Texas,11754,47734.0
Throckmorton,Texas,1495,47500.0
Titus,Texas,31183,53818.0
Tom Green,Texas,119411,62052.0
Travis,Texas,1305154,85043.0
Trinity,Texas,13827,45392.0
Tyler,Texas,20077,49130.0
Upshur,Texas,41774,55046.0
Upton,Texas,3265,58333.0
Uvalde,Texas,24729,51602.0
Val Verde,Texas,47564,51949.0
Van Zandt,Texas,61275,61121.0
Victoria,Texas,90964,60598.0
Walker,Texas,77977,44104.0
Waller,Texas,59781,65379.0
Ward,Texas,11194,66216.0
Washington,Texas,35891,65913.0
Webb,Texas,267945,54618.0
Wharton,Texas,41721,53963.0
Wheeler,Texas,4927,52138.0
Wichita,Texas,130069,53272.0
Wilbarger,Texas,12731,45262.0
Willacy,Texas,20316,39401.0
Williamson,Texas,643026,94705.0
Wilson,Texas,51257,84042.0
Winkler,Texas,7415,67904.0
Wise,Texas,71714,75482.0
Wood,Texas,45875,58418.0
Yoakum,Texas,7607,73102.0
Young,Texas,17977,52074.0
Zapata,Texas,13908,34406.0
Zavala,Texas,9534,44573.0
Beaver,Utah,7249,74569.0
Box Elder,Utah,59688,67486.0
Cache,Utah,137417,65670.0
Carbon,Utah,20372,51725.0
Daggett,Utah,976,49792.0
Davis,Utah,367285,92765.0
Duchesne,Utah,19790,66463.0
Emery,Utah,9967,61234.0
Garfield,Utah,5129,45724.0
Grand,Utah,9663,51433.0
Iron,Utah,60519,56308.0
Juab,Utah,12155,74741.0
Kane,Utah,7992,56395.0
Millard,Utah,13164,66304.0
Morgan,Utah,12657,112721.0
Piute,Utah,1487,33611.0
Rich,Utah,2597,67396.0
Salt Lake,Utah,1186421,82206.0
San Juan,Utah,14489,52400.0
Sanpete,Utah,29106,60186.0
Sevier,Utah,21906,60262.0
Summit,Utah,43093,116351.0
Tooele,Utah,76640,87557.0
Uintah,Utah,36204,61293.0
Utah,Utah,684986,82893.0
Wasatch,Utah,36173,94044.0
Washington,Utah,191226,65040.0
Wayne,Utah,2558,55605.0
Weber,Utah,267066,74345.0
Addison,Vermont,37260,77978.0
Bennington,Vermont,37312,63448.0
Caledonia,Vermont,30403,55159.0
Chittenden,Vermont,168865,81957.0
Essex,Vermont,5925,48194.0
Franklin,Vermont,50325,68476.0
Grand Isle,Vermont,7421,85154.0
Lamoille,Vermont,26126,66016.0
Orange,Vermont,29541,67906.0
Orleans,Vermont,27546,58037.0
Rutland,Vermont,60591,59751.0
Washington,Vermont,59969,70128.0
Windham,Vermont,46090,59195.0
Windsor,Vermont,58196,63787.0
Accomack,Virginia,33246,50601.0
Albemarle,Virginia,113535,90568.0
Alleghany,Virginia,14986,49705.0
Amelia,Virginia,13268,57420.0
Amherst,Virginia,31273,60876.0
Appomattox,Virginia,16353,55268.0
Arlington,Virginia,232965,128145.0
Augusta,Virginia,77563,69082.0
Bath,Virginia,4114,55807.0
Bedford,Virginia,80131,70870.0
Bland,Virginia,6173,54556.0
Botetourt,Virginia,33866,72941.0
Brunswick,Virginia,15940,49597.0
Buchanan,Virginia,19816,37093.0
Buckingham,Virginia,16947,49841.0
Campbell,Virginia,55492,53918.0
Caroline,Virginia,31332,76528.0
Carroll,Virginia,29048,45220.0
Charles City,Virginia,6594,59543.0
Charlotte,Virginia,11448,45567.0
Chesterfield,Virginia,370688,88315.0
Clarke,Virginia,14881,86633.0
Craig,Virginia,4865,60283.0
Culpeper,Virginia,53596,85274.0
Cumberland,Virginia,9681,57568.0
Dickenson,Virginia,13787,33905.0
Dinwiddie,Virginia,27912,68918.0
Essex,Virginia,10573,54375.0
Fairfax,Virginia,1139720,133974.0
Fauquier,Virginia,73815,111368.0
Floyd,Virginia,15566,51612.0
Fluvanna,Virginia,27723,82983.0
Franklin,Virginia,54938,59667.0
Frederick,Virginia,93717,84317.0
Giles,Virginia,16562,57911.0
Gloucester,Virginia,39069,77733.0
Goochland,Virginia,25488,100517.0
Grayson,Virginia,15359,43022.0
Greene,Virginia,20968,73844.0
Greensville,Virginia,11437,53063.0
Halifax,Virginia,33738,45962.0
Hanover,Virginia,111603,96911.0
Henrico,Virginia,333554,76345.0
Henry,Virginia,50248,41103.0
Highland,Virginia,2226,52901.0
Isle of Wight,Virginia,39278,84673.0
James City,Virginia,79882,94907.0
King and Queen,Virginia,6662,61672.0
King George,Virginia,27489,101599.0
King William,Virginia,18171,74592.0
Lancaster,Virginia,10928,64460.0
Lee,Virginia,21983,37574.0
Loudoun,Virginia,427592,156821.0
Louisa,Virginia,38848,70974.0
Lunenburg,Virginia,11926,47269.0
Madison,Virginia,13942,72349.0
Mathews,Virginia,8546,73229.0
Mecklenburg,Virginia,30248,46378.0
Middlesex,Virginia,10781,63782.0
Montgomery,Virginia,98473,60666.0
Nelson,Virginia,14790,67707.0
New Kent,Virginia,23897,101628.0
Northampton,Virginia,12085,50347.0
Northumberland,Virginia,12029,61291.0
Nottoway,Virginia,15594,54614.0
Orange,Virginia,37188,79211.0
Page,Virginia,23807,53168.0
Patrick,Virginia,17602,47215.0
Pittsylvania,Virginia,59972,49486.0
Powhatan,Virginia,31136,101395.0
Prince Edward,Virginia,21932,49019.0
Prince George,Virginia,42880,78895.0
Prince William,Virginia,484472,113831.0
Pulaski,Virginia,33759,55446.0
Rappahannock,Virginia,7407,90307.0
Richmond,Virginia,9017,57697.0
Roanoke,Virginia,96589,74622.0
Rockbridge,Virginia,22641,57828.0
Rockingham,Virginia,84394,67484.0
Russell,Virginia,25550,41100.0
Scott,Virginia,21419,42561.0
Shenandoah,Virginia,44752,58609.0
Smyth,Virginia,29477,42588.0
Southampton,Virginia,18006,65079.0
Spotsylvania,Virginia,143676,98973.0
Stafford,Virginia,160877,119818.0
Surry,Virginia,6530,61105.0
Sussex,Virginia,10763,56968.0
Tazewell,Virginia,39925,42937.0
Warren,Virginia,40925,72840.0
Washington,Virginia,53635,54737.0
Westmoreland,Virginia,18731,53113.0
Wise,Virginia,35647,44884.0
Wythe,Virginia,28178,52726.0
York,Virginia,70915,96144.0
Alexandria  (,Virginia,154706,105450.0
Bristol  (,Virginia,17054,43879.0
Buena Vista  (,Virginia,6601,42156.0
Charlottesville  (,Virginia,45672,63470.0
Chesapeake  (,Virginia,251269,85563.0
Colonial Heights  (,Virginia,18273,65570.0
Covington  (,Virginia,5717,41242.0
Danville  (,Virginia,42215,38904.0
Emporia  (,Virginia,5667,36111.0
Fairfax  (,Virginia,24276,118492.0
Falls Church  (,Virginia,14493,155071.0
Franklin  (,Virginia,8217,49424.0
Fredericksburg  (,Virginia,28367,72293.0
Galax  (,Virginia,6660,39808.0
Hampton  (,Virginia,137746,59380.0
Harrisonburg  (,Virginia,51430,51055.0
Hopewell  (,Virginia,23140,44209.0
Lexington  (,Virginia,7456,66114.0
Lynchburg  (,Virginia,79009,54015.0
Manassas  (,Virginia,42708,101934.0
Manassas Park  (,Virginia,17002,90544.0
Martinsville  (,Virginia,13517,36832.0
Newport News  (,Virginia,184587,57463.0
Norfolk  (,Virginia,235089,56244.0
Norton  (,Virginia,3666,35592.0
Petersburg  (,Virginia,33429,44890.0
Poquoson  (,Virginia,12574,112026.0
Portsmouth  (,Virginia,97840,54020.0
Radford  (,Virginia,16499,44360.0
Richmond  (,Virginia,226604,54795.0
Roanoke  (,Virginia,98865,48476.0
Salem  (,Virginia,25373,66472.0
Staunton  (,Virginia,25661,53041.0
Suffolk  (,Virginia,96194,81883.0
Virginia Beach  (,Virginia,457672,81810.0
Waynesboro  (,Virginia,22550,47238.0
Williamsburg  (,Virginia,15590,65297.0
Winchester  (,Virginia,28136,61321.0
Adams,Washington,20621,54573.0
Asotin,Washington,22397,57263.0
Benton,Washington,210025,76612.0
Chelan,Washington,79646,64895.0
Clallam,Washington,78209,60044.0
Clark,Washington,511404,82719.0
Columbia,Washington,4042,64688.0
Cowlitz,Washington,111524,64506.0
Douglas,Washington,43696,68979.0
Ferry,Washington,7273,45907.0
Franklin,Washington,98268,72452.0
Garfield,Washington,2346,50625.0
Grant,Washington,100297,63566.0
Grays Harbor,Washington,76841,53615.0
Island,Washington,87432,75628.0
Jefferson,Washington,33605,59968.0
King,Washington,2252305,106326.0
Kitsap,Washington,274314,84600.0
Kittitas,Washington,45499,64134.0
Klickitat,Washington,23118,59583.0
Lewis,Washington,84398,60581.0
Lincoln,Washington,11232,62810.0
Mason,Washington,67615,66325.0
Okanogan,Washington,42634,51992.0
Pacific,Washington,23948,54598.0
Pend Oreille,Washington,13886,59134.0
Pierce,Washington,925708,82574.0
San Juan,Washington,18557,68577.0
Skagit,Washington,130696,75308.0
Skamania,Washington,12170,75565.0
Snohomish,Washington,833540,95618.0
Spokane,Washington,546040,64079.0
Stevens,Washington,47426,57206.0
Thurston,Washington,297977,81501.0
Wahkiakum,Washington,4582,54422.0
Walla Walla,Washington,62682,63686.0
Whatcom,Washington,228831,70011.0
Whitman,Washington,47873,43613.0
Yakima,Washington,256035,58380.0
Barbour,West Virginia,15468,42260.0
Berkeley,West Virginia,126069,68101.0
Boone,West Virginia,21312,50598.0
Braxton,West Virginia,12247,42519.0
Brooke,West Virginia,22140,51210.0
Cabell,West Virginia,93418,43779.0
Calhoun,West Virginia,6176,37428.0
Clay,West Virginia,7892,37197.0
Doddridge,West Virginia,7735,58750.0
Fayette,West Virginia,39927,45988.0
Gilmer,West Virginia,7377,45870.0
Grant,West Virginia,10983,47224.0
Greenbrier,West Virginia,32608,41694.0
Hampshire,West Virginia,23302,50890.0
Hancock,West Virginia,28656,52062.0
Hardy,West Virginia,14160,46592.0
Harrison,West Virginia,65158,54124.0
Jackson,West Virginia,27738,53165.0
Jefferson,West Virginia,58370,86711.0
Kanawha,West Virginia,177952,50574.0
Lewis,West Virginia,16892,45345.0
Lincoln,West Virginia,20126,46683.0
Logan,West Virginia,31909,38493.0
McDowell,West Virginia,18363,30127.0
Marion,West Virginia,56001,55094.0
Marshall,West Virginia,30115,52371.0
Mason,West Virginia,25157,49957.0
Mercer,West Virginia,59097,43293.0
Mineral,West Virginia,26857,57345.0
Mingo,West Virginia,23005,35349.0
Monongalia,West Virginia,106387,56466.0
Monroe,West Virginia,12332,47417.0
Morgan,West Virginia,17221,56616.0
Nicholas,West Virginia,24300,42946.0
Ohio,West Virginia,41776,51516.0
Pendleton,West Virginia,6142,46506.0
Pleasants,West Virginia,7601,58433.0
Pocahontas,West Virginia,7841,37225.0
Preston,West Virginia,34358,55755.0
Putnam,West Virginia,57260,68740.0
Raleigh,West Virginia,73771,43150.0
Randolph,West Virginia,27806,47343.0
Ritchie,West Virginia,8383,45184.0
Roane,West Virginia,13898,38608.0
Summers,West Virginia,11908,41077.0
Taylor,West Virginia,16492,52823.0
Tucker,West Virginia,6672,49808.0
Tyler,West Virginia,8155,50601.0
Upshur,West Virginia,23791,44470.0
Wayne,West Virginia,38498,45591.0
Webster,West Virginia,8249,37720.0
Wetzel,West Virginia,14170,47611.0
Wirt,West Virginia,5063,49441.0
Wood,West Virginia,83624,50231.0
Wyoming,West Virginia,21051,44630.0
Adams,Wisconsin,20875,51878.0
Ashland,Wisconsin,16107,55070.0
Barron,Wisconsin,46719,55256.0
Bayfield,Wisconsin,16320,62859.0
Brown,Wisconsin,269591,68799.0
Buffalo,Wisconsin,13302,61167.0
Burnett,Wisconsin,16744,55890.0
Calumet,Wisconsin,52539,78453.0
Chippewa,Wisconsin,66865,63172.0
Clark,Wisconsin,34746,57547.0
Columbia,Wisconsin,58488,73786.0
Crawford,Wisconsin,16075,54526.0
Dane,Wisconsin,563951,78452.0
Dodge,Wisconsin,89313,66403.0
Door,Wisconsin,30369,63856.0
Douglas,Wisconsin,44203,59688.0
Dunn,Wisconsin,45547,64420.0
Eau Claire,Wisconsin,106452,64777.0
Florence,Wisconsin,4593,52143.0
Fond du Lac,Wisconsin,104362,66390.0
Forest,Wisconsin,9258,51959.0
Grant,Wisconsin,52110,58289.0
Green,Wisconsin,36988,70267.0
Green Lake,Wisconsin,19229,60597.0
Iowa,Wisconsin,23756,73716.0
Iron,Wisconsin,6178,48908.0
Jackson,Wisconsin,21121,59422.0
Jefferson,Wisconsin,84943,71735.0
Juneau,Wisconsin,26802,58561.0
Kenosha,Wisconsin,168732,70073.0
Kewaunee,Wisconsin,20543,72328.0
La Crosse,Wisconsin,120433,62817.0
Lafayette,Wisconsin,16784,65009.0
Langlade,Wisconsin,19502,53313.0
Lincoln,Wisconsin,28541,61363.0
Manitowoc,Wisconsin,81505,61454.0
Marathon,Wisconsin,137648,67940.0
Marinette,Wisconsin,41875,55694.0
Marquette,Wisconsin,15792,55386.0
Menominee,Wisconsin,4289,54940.0
Milwaukee,Wisconsin,928059,54793.0
Monroe,Wisconsin,46193,63061.0
Oconto,Wisconsin,39356,68426.0
Oneida,Wisconsin,38259,62660.0
Outagamie,Wisconsin,191545,72695.0
Ozaukee,Wisconsin,92497,86915.0
Pepin,Wisconsin,7364,63015.0
Pierce,Wisconsin,42587,78341.0
Polk,Wisconsin,45431,67878.0
Portage,Wisconsin,70468,65550.0
Price,Wisconsin,14050,52052.0
Racine,Wisconsin,196896,67224.0
Richland,Wisconsin,17212,56089.0
Rock,Wisconsin,164381,65518.0
Rusk,Wisconsin,14123,51978.0
St. Croix,Wisconsin,95044,91320.0
Sauk,Wisconsin,65697,67702.0
Sawyer,Wisconsin,18295,53011.0
Shawano,Wisconsin,40859,59767.0
Sheboygan,Wisconsin,117747,65352.0
Taylor,Wisconsin,19923,56350.0
Trempealeau,Wisconsin,30724,64336.0
Vernon,Wisconsin,30915,57933.0
Vilas,Wisconsin,23520,56837.0
Walworth,Wisconsin,106799,69382.0
Washburn,Wisconsin,16752,54550.0
Washington,Wisconsin,137175,85574.0
Waukesha,Wisconsin,408756,94310.0
Waupaca,Wisconsin,51570,65070.0
Waushara,Wisconsin,24828,57224.0
Winnebago,Wisconsin,171623,63938.0
Wood,Wisconsin,74070,57996.0
Albany,Wyoming,37608,50733.0
Big Horn,Wyoming,11632,56059.0
Campbell,Wyoming,46401,87547.0
Carbon,Wyoming,14649,62654.0
Converse,Wyoming,13672,73698.0
Crook,Wyoming,7315,67835.0
Fremont,Wyoming,39336,57887.0
Goshen,Wyoming,12537,58318.0
Hot Springs,Wyoming,4597,60805.0
Johnson,Wyoming,8623,58020.0
Laramie,Wyoming,100863,71550.0
Lincoln,Wyoming,20153,74835.0
Natrona,Wyoming,79555,64100.0
Niobrara,Wyoming,2438,48688.0
Park,Wyoming,30108,62586.0
Platte,Wyoming,8699,59402.0
Sheridan,Wyoming,31646,62531.0
Sublette,Wyoming,8697,82342.0
Sweetwater,Wyoming,41614,76668.0
Teton,Wyoming,23575,94498.0
Uinta,Wyoming,20635,75106.0
Washakie,Wyoming,7705,62271.0
Weston,Wyoming,6745,65566.0
