county,state,fully_vaccinated,boosters
Juneau City and Borough,AK,70.1,45.7
Prince of Wales-Hyder Census Area,AK,52.3,34.3
Petersburg Census Area,AK,71.1,46.5
Yakutat City and Borough,AK,74.4,42.0
Hoonah-Angoon Census Area,AK,69.9,51.0
Sitka City and Borough,AK,72.6,48.5
Aleutians East Borough,AK,71.3,22.7
Lake and Peninsula Borough,AK,57,44.8
Wrangell City and Borough,AK,56.4,42.7
Denali Borough,AK,50.2,41.5
Northwest Arctic Borough,AK,56,41.1
Kodiak Island Borough,AK,61.3,36.5
Anchorage Municipality,AK,60,35.1
Aleutians West Census Area,AK,58.7,24.4
Skagway Municipality,AK,70.8,45.2
Southeast Fairbanks Census Area,AK,32.3,32.4
Dillingham Census Area,AK,47.5,37.8
Haines Borough,AK,66.9,44.9
Bethel Census Area,AK,64.1,35.1
Kenai Peninsula Borough,AK,44.2,39.9
Matanuska-Susitna Borough,AK,36.2,30.9
Yukon-Koyukuk Census Area,AK,65.1,39.3
Unknown County,AK,0,22.7
Bristol Bay Borough,AK,95,32.8
Kusilvak Census Area,AK,64.7,29.5
Ketchikan Gateway Borough,AK,61.3,36.7
Valdez-Cordova Census Area,AK,55.5,39.7
Nome Census Area,AK,66.2,36.8
North Slope Borough,AK,36.9,36.6
Fairbanks North Star Borough,AK,52.8,28.3
Butler County,AL,37.2,24.3
Lawrence County,AL,44.9,29.1
Mobile County,AL,46.6,27.6
Henry County,AL,42.9,25.9
Lamar County,AL,41.3,31.4
Bullock County,AL,47.7,23.8
St. Clair County,AL,37.1,26.3
Etowah County,AL,39.2,28.8
Shelby County,AL,34.1,24.6
Unknown County,AL,0,24.5
Washington County,AL,43.8,25.4
Jackson County,AL,46.3,30.0
Cleburne County,AL,30,28.0
Dale County,AL,51.3,18.2
Wilcox County,AL,50.1,31.2
Geneva County,AL,36.6,26.7
Calhoun County,AL,45,27.2
Clarke County,AL,48.6,27.5
Tuscaloosa County,AL,41.4,27.5
Autauga County,AL,38.5,25.8
Coosa County,AL,38.6,31.3
Montgomery County,AL,50.1,24.9
Marshall County,AL,43.1,26.6
Jefferson County,AL,54.4,29.8
Marengo County,AL,51.6,26.5
Bibb County,AL,32.8,25.3
Limestone County,AL,34.7,25.8
Perry County,AL,45.9,30.0
Greene County,AL,48.1,36.8
Talladega County,AL,34.9,29.0
Elmore County,AL,42.4,23.7
Lauderdale County,AL,43.9,29.0
Pickens County,AL,46.5,26.5
Fayette County,AL,33.1,26.5
Cherokee County,AL,30.1,29.2
Blount County,AL,29.6,25.2
Hale County,AL,58,30.3
Sumter County,AL,47.7,29.4
DeKalb County,AL,32,27.3
Morgan County,AL,41.4,30.6
Cullman County,AL,36.5,29.0
Clay County,AL,40.9,23.1
Macon County,AL,44.8,28.3
Barbour County,AL,42,23.1
Dallas County,AL,42.5,30.2
Crenshaw County,AL,32.5,25.5
Covington County,AL,36.3,24.5
Marion County,AL,34.8,28.7
Chilton County,AL,34.3,23.7
Lee County,AL,36.5,27.0
Lowndes County,AL,45.7,29.4
Houston County,AL,40.9,25.5
Madison County,AL,57.5,29.1
Randolph County,AL,31.9,28.8
Coffee County,AL,38,24.1
Russell County,AL,37.7,23.8
Walker County,AL,45,27.4
Colbert County,AL,45.7,28.4
Franklin County,AL,41.4,25.8
Choctaw County,AL,62.5,28.2
Tallapoosa County,AL,37.1,33.2
Pike County,AL,39.5,23.7
Baldwin County,AL,47.6,27.6
Conecuh County,AL,40.3,25.1
Winston County,AL,21.1,27.3
Escambia County,AL,34.5,26.2
Chambers County,AL,29.5,29.1
Monroe County,AL,41.5,26.6
Phillips County,AR,46.7,30.2
Crawford County,AR,43.4,28.1
Grant County,AR,44.4,27.9
Nevada County,AR,41.7,18.2
Sevier County,AR,42.8,21.8
Marion County,AR,34.4,35.0
Hot Spring County,AR,40.8,32.2
Bradley County,AR,53.9,27.7
Searcy County,AR,37.3,33.9
Faulkner County,AR,46.3,32.8
Madison County,AR,41,31.4
Baxter County,AR,45.2,34.7
Cleveland County,AR,49.8,32.7
Ouachita County,AR,51.9,30.5
Howard County,AR,51.8,25.7
Cross County,AR,49,27.9
Pulaski County,AR,55,35.4
Boone County,AR,35.6,32.4
Crittenden County,AR,41.9,23.5
Van Buren County,AR,40.3,41.7
Franklin County,AR,46.3,27.3
Lawrence County,AR,44.3,30.2
Cleburne County,AR,41.7,36.0
Craighead County,AR,42.6,31.3
Pope County,AR,47,30.2
Calhoun County,AR,34.9,29.8
Columbia County,AR,45.7,22.9
Lonoke County,AR,45,27.9
Stone County,AR,35,44.4
Mississippi County,AR,38.5,27.3
Lee County,AR,31.6,32.2
Woodruff County,AR,54.2,23.9
Dallas County,AR,54.1,32.9
Randolph County,AR,38.4,31.9
Lincoln County,AR,33.4,29.3
White County,AR,42.2,27.9
Yell County,AR,46.3,27.3
Jackson County,AR,36.4,37.0
Independence County,AR,38.7,36.6
Logan County,AR,44.9,28.6
Monroe County,AR,52.9,29.2
Conway County,AR,51.2,35.2
Scott County,AR,45.7,23.2
Hempstead County,AR,37.1,18.9
Clay County,AR,43.4,34.8
Sharp County,AR,37.2,35.2
St. Francis County,AR,47.3,24.8
Miller County,AR,29.3,19.9
Polk County,AR,33.3,22.7
Perry County,AR,49.4,32.6
Montgomery County,AR,35.1,34.1
Johnson County,AR,46.6,26.5
Chicot County,AR,52.5,29.0
Ashley County,AR,47.5,28.1
Benton County,AR,50.1,30.6
Carroll County,AR,44.6,28.2
Clark County,AR,46.4,34.5
Sebastian County,AR,46.8,27.4
Newton County,AR,32.5,35.0
Greene County,AR,41,31.0
Izard County,AR,36,35.1
Little River County,AR,37.4,25.5
Garland County,AR,43.3,31.6
Pike County,AR,40.2,28.1
Lafayette County,AR,39.6,26.5
Saline County,AR,47.7,29.9
Desha County,AR,56.3,29.7
Arkansas County,AR,53,33.4
Washington County,AR,52.3,30.0
Poinsett County,AR,42.6,30.3
Drew County,AR,45.5,31.4
Prairie County,AR,40.9,25.2
Fulton County,AR,30.7,35.1
Unknown County,AR,0,26.4
Union County,AR,45.8,26.6
Jefferson County,AR,41.8,25.8
Unknown County,AS,0,10.4
Greenlee County,AZ,41.4,35.5
Maricopa County,AZ,53.6,29.4
Navajo County,AZ,68.4,31.9
Santa Cruz County,AZ,95,24.4
Apache County,AZ,88.8,36.3
Pinal County,AZ,50,26.8
La Paz County,AZ,46.2,22.6
Coconino County,AZ,73.2,34.8
Yavapai County,AZ,44.5,34.8
Unknown County,AZ,0,35.2
Pima County,AZ,64,33.7
Cochise County,AZ,59.7,28.9
Mohave County,AZ,39.3,30.9
Yuma County,AZ,64.1,25.2
Gila County,AZ,55.5,36.9
Graham County,AZ,58.8,29.6
Kings County,CA,42.9,25.3
Del Norte County,CA,40.3,36.5
Santa Clara County,CA,81.6,44.1
Inyo County,CA,0,0.0
Modoc County,CA,0,0.0
Tuolumne County,CA,57,23.4
Nevada County,CA,60.7,41.0
Stanislaus County,CA,55.8,16.7
Shasta County,CA,47.2,32.0
Lassen County,CA,36,25.4
Butte County,CA,50.4,35.6
Siskiyou County,CA,51,34.1
Tehama County,CA,39.4,31.6
Sonoma County,CA,73.4,42.4
Sutter County,CA,55.8,27.7
Lake County,CA,55.8,28.9
Solano County,CA,62.2,32.6
El Dorado County,CA,59.8,38.9
Colusa County,CA,55.6,20.7
Marin County,CA,84.6,49.0
Los Angeles County,CA,67.3,35.2
Madera County,CA,49.7,28.8
Amador County,CA,52.5,24.2
Alpine County,CA,0,0.0
Napa County,CA,72.5,38.9
San Mateo County,CA,78.9,46.3
Tulare County,CA,48.9,27.6
Mariposa County,CA,0,0.0
Plumas County,CA,0,0.0
Monterey County,CA,65.3,32.4
San Benito County,CA,60.9,32.0
Humboldt County,CA,62.4,38.8
San Luis Obispo County,CA,57.2,44.6
Imperial County,CA,78.4,23.1
San Joaquin County,CA,58.6,17.7
Orange County,CA,67.6,38.5
Glenn County,CA,51.3,29.0
Trinity County,CA,0,0.0
Santa Cruz County,CA,74.2,37.4
Riverside County,CA,54.6,29.9
Mendocino County,CA,63.8,35.1
Ventura County,CA,67.2,35.3
Placer County,CA,63.6,40.1
Contra Costa County,CA,77.1,41.2
San Diego County,CA,57,7.6
Santa Barbara County,CA,66,34.6
Yuba County,CA,48.2,23.1
Kern County,CA,48.9,26.5
Sacramento County,CA,62.9,35.4
Fresno County,CA,56.8,29.7
Alameda County,CA,77.2,41.1
Unknown County,CA,0,23.8
Mono County,CA,0,0.0
Calaveras County,CA,60.4,22.0
Merced County,CA,48.4,19.1
San Francisco County,CA,80.2,50.3
San Bernardino County,CA,53.1,27.9
Sierra County,CA,0,0.0
Yolo County,CA,65.8,37.7
Grand County,CO,60.8,44.5
Pueblo County,CO,53.8,42.4
Alamosa County,CO,53.7,40.2
Delta County,CO,45.8,45.3
Gunnison County,CO,66.9,46.3
Ouray County,CO,63.1,57.2
Routt County,CO,72.9,49.3
Huerfano County,CO,51.8,46.0
Washington County,CO,29.5,38.9
Pitkin County,CO,79.1,38.4
Logan County,CO,36.5,37.4
Rio Grande County,CO,60,43.8
Cheyenne County,CO,31.8,34.5
Jackson County,CO,43.5,47.9
Otero County,CO,46.3,42.2
Adams County,CO,64.1,34.1
Garfield County,CO,61.4,38.8
Mineral County,CO,80.2,58.8
Moffat County,CO,41.5,34.1
Arapahoe County,CO,64.3,41.1
Larimer County,CO,65.2,45.8
Costilla County,CO,58.2,49.4
Lincoln County,CO,34.5,41.9
Morgan County,CO,45.2,32.4
Baca County,CO,38.2,41.0
Custer County,CO,46.1,55.9
Las Animas County,CO,59,44.5
Kiowa County,CO,36.3,49.1
Sedgwick County,CO,49.7,49.4
Chaffee County,CO,62,53.2
Park County,CO,45.5,44.9
Bent County,CO,25.2,49.4
Teller County,CO,51.9,46.4
Gilpin County,CO,56.3,48.1
Saguache County,CO,34.1,47.8
Lake County,CO,57.2,38.9
Archuleta County,CO,55.5,49.3
Broomfield County,CO,77.6,48.3
Fremont County,CO,41.5,38.7
El Paso County,CO,59.3,34.0
Yuma County,CO,41.5,36.3
Clear Creek County,CO,47.4,45.9
Kit Carson County,CO,36.8,35.7
Weld County,CO,57.4,36.8
Summit County,CO,80.8,35.9
Montezuma County,CO,59.3,43.1
Eagle County,CO,78.5,35.3
Hinsdale County,CO,61.3,50.5
Douglas County,CO,70.2,44.8
Prowers County,CO,40.6,34.8
Montrose County,CO,46,43.9
Rio Blanco County,CO,36.9,37.0
Conejos County,CO,46.4,40.5
Crowley County,CO,20.7,37.8
Mesa County,CO,47.4,44.9
La Plata County,CO,68.2,48.2
Phillips County,CO,49.2,30.4
Unknown County,CO,0,22.5
Denver County,CO,72.3,42.4
Elbert County,CO,35.7,40.7
Boulder County,CO,75.6,50.3
San Miguel County,CO,79.9,47.4
Jefferson County,CO,74.7,45.7
Dolores County,CO,40,41.7
San Juan County,CO,90,45.6
Litchfield County,CT,72.6,41.5
Fairfield County,CT,76.9,34.5
Middlesex County,CT,79.7,44.5
Unknown County,CT,0,51.0
Hartford County,CT,71.7,39.9
New Haven County,CT,73.2,37.3
Windham County,CT,60.5,37.6
Tolland County,CT,64.1,45.7
New London County,CT,75.2,39.6
District of Columbia,DC,64.6,26.4
Unknown County,DC,0,46.5
New Castle County,DE,64.3,32.1
Kent County,DE,51.5,32.6
Sussex County,DE,63.9,41.4
Unknown County,DE,0,39.0
Calhoun County,FL,33.3,26.4
Escambia County,FL,52,27.8
Leon County,FL,54.2,36.6
Hamilton County,FL,34.1,27.0
Santa Rosa County,FL,48.1,29.0
Flagler County,FL,60.6,40.0
Glades County,FL,32.2,31.2
Marion County,FL,54.4,38.2
Citrus County,FL,54.5,39.8
Hendry County,FL,45.9,18.2
Wakulla County,FL,43.2,31.7
Levy County,FL,45.1,29.6
Franklin County,FL,46.6,35.6
Palm Beach County,FL,63.4,34.2
Hardee County,FL,40.1,20.0
Seminole County,FL,59.2,36.5
Collier County,FL,67.2,34.3
Taylor County,FL,38.3,26.0
Okeechobee County,FL,44.2,23.9
Alachua County,FL,63.5,36.0
Jefferson County,FL,57.8,31.5
Hernando County,FL,52.5,35.0
Miami-Dade County,FL,80.5,24.9
Okaloosa County,FL,56.3,24.1
Broward County,FL,67.8,30.2
Duval County,FL,58.1,29.0
Monroe County,FL,74.7,30.7
Lake County,FL,63.1,35.2
Dixie County,FL,33.2,27.1
Charlotte County,FL,63.1,39.4
St. Lucie County,FL,55.5,33.1
Columbia County,FL,40.2,25.7
Orange County,FL,65.6,27.3
Sumter County,FL,77.9,49.0
Clay County,FL,48.1,29.5
Walton County,FL,46.2,32.2
Gilchrist County,FL,35.2,28.6
DeSoto County,FL,43.5,25.3
Sarasota County,FL,67.4,41.5
Madison County,FL,43.9,28.8
Union County,FL,34.2,19.8
Osceola County,FL,68.4,23.1
Manatee County,FL,59,35.9
Liberty County,FL,33.3,26.4
Jackson County,FL,41.3,28.3
Brevard County,FL,61.3,34.2
Highlands County,FL,49.9,33.3
Polk County,FL,54,29.5
Indian River County,FL,64.4,37.9
Martin County,FL,61.3,36.7
Nassau County,FL,55.1,35.5
Lafayette County,FL,37.9,27.0
Pinellas County,FL,62.1,37.9
Baker County,FL,34.2,20.4
Suwannee County,FL,36.4,29.4
Holmes County,FL,28,24.1
Pasco County,FL,55.8,32.6
Unknown County,FL,0,60.2
Bradford County,FL,40.6,25.5
Gulf County,FL,49.5,31.9
St. Johns County,FL,66.7,38.8
Hillsborough County,FL,58.8,28.7
Washington County,FL,31.2,26.8
Lee County,FL,59.2,35.5
Putnam County,FL,39.8,29.1
Volusia County,FL,57.1,35.9
Gadsden County,FL,55.3,32.5
Bay County,FL,49.1,26.4
Unknown County,FM,0,8.6
Colquitt County,GA,23,35.3
Charlton County,GA,14.2,37.6
Glynn County,GA,46.8,33.7
Troup County,GA,23.6,35.6
Glascock County,GA,16.4,48.1
Macon County,GA,22.4,49.8
Long County,GA,8.7,43.9
Muscogee County,GA,35,29.0
Emanuel County,GA,31.2,28.9
Jackson County,GA,26.9,42.8
Telfair County,GA,19.9,33.5
Fannin County,GA,23.2,59.6
Cobb County,GA,42.3,38.4
Schley County,GA,21.2,42.0
Madison County,GA,25.1,49.4
Montgomery County,GA,24.2,35.5
Quitman County,GA,13.6,54.8
Mitchell County,GA,24.7,48.3
Columbia County,GA,28.6,40.3
Bartow County,GA,18.7,50.3
Banks County,GA,15.9,49.2
Greene County,GA,41.9,41.7
Camden County,GA,46.5,20.9
Laurens County,GA,27.1,38.7
Hart County,GA,28.6,38.4
Candler County,GA,22,45.9
Lee County,GA,22,50.8
Twiggs County,GA,16.4,53.4
Decatur County,GA,40.4,28.4
Pike County,GA,16.6,57.2
Upson County,GA,38.3,38.2
Washington County,GA,17.6,59.2
Dade County,GA,24.5,39.9
Gwinnett County,GA,34.1,42.0
Toombs County,GA,23.3,42.7
Forsyth County,GA,26.1,56.4
Wilcox County,GA,16.8,45.1
Gordon County,GA,18.3,52.0
Stewart County,GA,21,46.5
Treutlen County,GA,18.3,40.8
Pulaski County,GA,17.9,59.8
Evans County,GA,23.4,46.7
Peach County,GA,17.6,63.4
Liberty County,GA,44.3,14.5
Ben Hill County,GA,15.9,51.2
Jones County,GA,26.8,39.2
Walker County,GA,26.4,36.6
Walton County,GA,25.3,41.0
Lowndes County,GA,28.7,28.7
Wheeler County,GA,12.3,48.6
Jasper County,GA,18.3,45.1
Baldwin County,GA,17.6,68.0
Lanier County,GA,12.8,41.9
Bulloch County,GA,27.9,33.1
Rabun County,GA,29.2,49.5
Grady County,GA,21.8,48.5
Clayton County,GA,23.7,38.7
Henry County,GA,23.8,45.5
Effingham County,GA,24.2,38.9
Murray County,GA,18.4,50.5
Webster County,GA,21.6,61.6
Thomas County,GA,26.9,51.4
Barrow County,GA,22,44.5
Oglethorpe County,GA,28.5,45.9
Worth County,GA,19.8,50.1
Newton County,GA,20.3,50.4
Monroe County,GA,14.9,71.3
Brooks County,GA,33.1,33.5
Chattooga County,GA,17.8,56.6
Butts County,GA,16.1,54.4
Oconee County,GA,31,62.0
Houston County,GA,38.5,27.5
Dooly County,GA,20.4,51.5
Talbot County,GA,32.1,39.6
Polk County,GA,18.3,54.3
Catoosa County,GA,21.8,46.6
Chatham County,GA,46.3,33.2
Burke County,GA,44.9,30.6
Randolph County,GA,22,56.2
Bacon County,GA,14.7,44.0
Chattahoochee County,GA,95,0.9
Jenkins County,GA,24.7,39.7
Wilkes County,GA,20.4,54.7
Tift County,GA,23.3,41.3
Lumpkin County,GA,13.5,68.5
Coffee County,GA,29.9,25.1
Whitfield County,GA,25,41.2
Sumter County,GA,41.4,36.2
Gilmer County,GA,16.2,83.0
Screven County,GA,37.9,37.0
Franklin County,GA,17,54.2
Pickens County,GA,17.6,81.7
DeKalb County,GA,35.8,44.7
Clay County,GA,42.7,31.5
Harris County,GA,23,44.6
Crawford County,GA,20.1,43.0
Carroll County,GA,25.1,36.9
Atkinson County,GA,20.2,35.9
Johnson County,GA,18.4,49.5
Stephens County,GA,16.8,71.2
Wayne County,GA,32.9,29.1
Elbert County,GA,21.7,52.8
Rockdale County,GA,21.8,63.3
Early County,GA,23.7,48.5
Clarke County,GA,26.3,60.9
Jefferson County,GA,35.4,38.3
Taliaferro County,GA,25,68.5
Bleckley County,GA,14,57.3
Richmond County,GA,37,28.1
Meriwether County,GA,26.6,38.3
Terrell County,GA,30.7,50.7
Warren County,GA,20.2,59.8
Heard County,GA,15.4,42.1
Taylor County,GA,30.9,38.9
Crisp County,GA,21.8,47.0
Ware County,GA,25.4,35.5
Spalding County,GA,18.8,59.1
Baker County,GA,36,35.0
Bibb County,GA,27.3,41.2
Haralson County,GA,16.9,50.2
Habersham County,GA,22,48.2
Miller County,GA,25,61.1
Tattnall County,GA,16.4,50.8
McIntosh County,GA,36.8,34.1
McDuffie County,GA,21.4,45.6
Cherokee County,GA,32.6,42.4
Douglas County,GA,31.3,35.2
Berrien County,GA,19.8,33.7
Brantley County,GA,14.3,34.9
Echols County,GA,17.2,33.5
Clinch County,GA,32.5,19.7
Fulton County,GA,33.1,50.2
Dodge County,GA,14.1,46.2
Wilkinson County,GA,24.8,56.2
Bryan County,GA,35.9,34.2
Hancock County,GA,17.1,86.9
Cook County,GA,36.4,25.1
Jeff Davis County,GA,13.1,48.6
Hall County,GA,32.1,34.1
Irwin County,GA,15.8,45.8
Seminole County,GA,20.1,57.9
Coweta County,GA,30.3,38.6
Floyd County,GA,21,54.9
Pierce County,GA,25.8,26.8
Calhoun County,GA,24.9,55.7
Turner County,GA,24.4,40.1
Union County,GA,18.3,81.4
Unknown County,GA,0,8.2
Appling County,GA,16.3,49.6
Dawson County,GA,15.2,67.7
Towns County,GA,17.2,95.0
Marion County,GA,19.9,50.1
Lamar County,GA,16,65.2
White County,GA,14,82.6
Dougherty County,GA,28.4,47.3
Paulding County,GA,22.3,36.8
Fayette County,GA,38.1,52.8
Putnam County,GA,16.2,66.6
Morgan County,GA,25.4,52.5
Lincoln County,GA,22.6,46.0
Unknown County,GU,0,27.2
Guam,GU,60.8,25.1
Kauai County,HI,,
Maui County,HI,,
Kalawao County,HI,,
Hawaii County,HI,,
Unknown County,HI,,
Honolulu County,HI,,
Dickinson County,IA,55.9,48.9
Adair County,IA,47.5,52.1
Sioux County,IA,40,34.3
Marion County,IA,51,46.3
Cedar County,IA,57.8,47.7
Montgomery County,IA,53.7,44.6
Lee County,IA,48.6,42.4
Cerro Gordo County,IA,60.6,45.9
Dubuque County,IA,61.9,48.8
Audubon County,IA,56.7,51.1
Franklin County,IA,51.4,44.7
Woodbury County,IA,53.5,34.1
Fremont County,IA,49.2,41.8
Carroll County,IA,59.5,48.1
Jones County,IA,56.4,49.9
Winneshiek County,IA,60.1,54.4
Page County,IA,50.9,47.3
Washington County,IA,54.6,45.3
Chickasaw County,IA,52.5,49.9
Guthrie County,IA,56.4,48.0
Humboldt County,IA,48,44.0
Fayette County,IA,52.5,49.9
Unknown County,IA,0,37.1
Harrison County,IA,49.5,36.3
Howard County,IA,49.7,49.4
Crawford County,IA,51.5,40.1
Hamilton County,IA,60.5,47.1
Clarke County,IA,52.4,42.1
Warren County,IA,57.5,45.3
Webster County,IA,55,45.0
Boone County,IA,61.4,46.2
Henry County,IA,51.5,46.2
Pottawattamie County,IA,54.2,38.6
Butler County,IA,55.4,49.8
Madison County,IA,51.8,45.9
Worth County,IA,50.1,49.1
Allamakee County,IA,51.1,46.6
Taylor County,IA,45.2,49.1
Black Hawk County,IA,57.5,44.0
Jasper County,IA,56.2,46.5
Osceola County,IA,43.7,43.0
Union County,IA,49.3,48.3
Buena Vista County,IA,64.1,30.8
Emmet County,IA,49.9,43.3
Jackson County,IA,50.9,52.4
Story County,IA,60.8,47.0
Clayton County,IA,46.4,42.6
Keokuk County,IA,45,44.5
Polk County,IA,64.3,44.1
Poweshiek County,IA,56.8,48.8
Des Moines County,IA,49.1,45.5
Johnson County,IA,69.9,48.7
Mills County,IA,51.4,39.4
Muscatine County,IA,58.1,38.9
Mahaska County,IA,42.1,44.7
Scott County,IA,57.1,39.9
Louisa County,IA,50.1,38.9
Monona County,IA,52.1,42.9
Linn County,IA,63.8,48.4
Winnebago County,IA,50.4,46.0
Greene County,IA,56.2,45.6
Jefferson County,IA,46.3,45.6
Wright County,IA,55.2,46.9
Appanoose County,IA,45.1,47.0
Adams County,IA,53.9,49.7
Shelby County,IA,56.9,50.3
Cherokee County,IA,51,47.7
Pocahontas County,IA,50.6,45.7
Grundy County,IA,59.4,46.9
Sac County,IA,50.9,48.5
Ringgold County,IA,50.4,60.9
Hancock County,IA,47.7,47.1
Tama County,IA,59.9,44.8
Benton County,IA,55.6,46.4
Clinton County,IA,52.1,43.5
Iowa County,IA,60.6,45.6
O'Brien County,IA,48.8,45.7
Delaware County,IA,52.1,47.2
Lucas County,IA,44,50.6
Wayne County,IA,40.3,51.1
Buchanan County,IA,51.4,46.2
Ida County,IA,47.4,44.8
Dallas County,IA,63.5,44.8
Decatur County,IA,38.8,48.6
Hardin County,IA,54.1,47.0
Mitchell County,IA,47.2,52.3
Clay County,IA,50,45.4
Van Buren County,IA,40.6,45.7
Monroe County,IA,44.3,47.7
Calhoun County,IA,57.2,50.1
Bremer County,IA,57.5,49.7
Lyon County,IA,39.3,37.5
Floyd County,IA,51.1,48.7
Kossuth County,IA,50.2,46.2
Plymouth County,IA,50.2,42.3
Cass County,IA,56.1,50.1
Davis County,IA,35.2,45.5
Marshall County,IA,62.2,41.9
Palo Alto County,IA,49,47.5
Wapello County,IA,47.5,39.3
Caribou County,ID,35.6,38.5
Canyon County,ID,39.2,34.2
Washington County,ID,36.9,36.5
Bingham County,ID,41.4,32.6
Kootenai County,ID,41,37.1
Fremont County,ID,39.2,31.6
Bannock County,ID,44.7,38.6
Oneida County,ID,39.4,42.9
Minidoka County,ID,35.8,29.2
Custer County,ID,43.3,45.1
Clearwater County,ID,39.3,41.6
Boundary County,ID,31.6,37.4
Benewah County,ID,46.3,36.8
Clark County,ID,35.3,28.2
Bonner County,ID,39.2,44.2
Valley County,ID,54.7,48.0
Lincoln County,ID,36.1,33.5
Bonneville County,ID,44.6,35.1
Gem County,ID,36.1,37.5
Bear Lake County,ID,41.6,33.8
Elmore County,ID,40.5,24.6
Adams County,ID,40.4,40.9
Lemhi County,ID,42.7,48.3
Cassia County,ID,34,27.3
Gooding County,ID,38,32.1
Latah County,ID,52.3,37.9
Idaho County,ID,28.2,40.0
Owyhee County,ID,30.7,30.7
Nez Perce County,ID,50.5,30.8
Madison County,ID,46.5,17.5
Shoshone County,ID,39.8,45.8
Lewis County,ID,47.3,37.9
Power County,ID,43.6,37.0
Teton County,ID,55.6,37.9
Ada County,ID,54.4,44.9
Jefferson County,ID,35.6,28.5
Twin Falls County,ID,42.6,37.0
Boise County,ID,31.3,37.5
Camas County,ID,40,39.4
Butte County,ID,43.7,32.7
Blaine County,ID,70.6,46.8
Unknown County,ID,0,35.4
Payette County,ID,29.1,30.8
Franklin County,ID,38.6,30.7
Jerome County,ID,38.1,31.6
Tazewell County,IL,56.5,40.5
Moultrie County,IL,41.1,40.9
Henderson County,IL,40.9,38.6
Grundy County,IL,54,36.4
Logan County,IL,51.8,36.0
Wabash County,IL,45.6,37.6
Massac County,IL,38,33.5
Jo Daviess County,IL,74.6,41.2
Schuyler County,IL,48.7,41.4
Christian County,IL,45.5,34.7
Lake County,IL,73.5,37.2
Alexander County,IL,28.8,32.3
Vermilion County,IL,43.3,36.8
Scott County,IL,39.7,40.4
Edgar County,IL,45.5,38.1
Douglas County,IL,45.6,35.8
Mercer County,IL,55.8,42.8
Effingham County,IL,46.3,39.5
DeKalb County,IL,53.3,38.0
DuPage County,IL,73,43.4
Will County,IL,63.3,37.7
Williamson County,IL,52.5,36.9
Franklin County,IL,42.7,33.9
Jackson County,IL,49.5,41.4
Morgan County,IL,52.2,40.3
Carroll County,IL,60,37.7
Stark County,IL,50.1,44.7
Greene County,IL,38.3,34.0
Henry County,IL,56,42.2
Adams County,IL,50.8,36.8
Woodford County,IL,52.4,41.7
White County,IL,47.4,35.1
Mason County,IL,51,39.2
Lee County,IL,56.7,44.5
Putnam County,IL,54.3,47.0
Peoria County,IL,58.1,41.7
Marshall County,IL,53.9,44.9
Piatt County,IL,57.8,45.7
Whiteside County,IL,55.1,40.0
St. Clair County,IL,59.2,33.4
Cook County,IL,67.2,38.3
Winnebago County,IL,54.5,41.2
Perry County,IL,48.2,36.6
Richland County,IL,44.8,43.0
Stephenson County,IL,57.3,44.8
Edwards County,IL,37.4,37.4
Boone County,IL,57.5,38.8
Kendall County,IL,63.7,34.7
Cass County,IL,57,33.5
Pulaski County,IL,38,31.9
Unknown County,IL,0,35.9
Johnson County,IL,48.9,36.0
Union County,IL,53.5,39.7
Gallatin County,IL,51.1,37.4
Macon County,IL,50.4,37.8
Ogle County,IL,54.8,42.7
Montgomery County,IL,48.9,39.1
Washington County,IL,55.2,39.3
Sangamon County,IL,61.7,44.1
Pope County,IL,31.8,36.6
Jasper County,IL,40.3,41.4
Randolph County,IL,49.9,33.8
Iroquois County,IL,47.6,40.6
Macoupin County,IL,52.2,37.6
Wayne County,IL,37.7,36.2
Champaign County,IL,61.5,44.3
Hardin County,IL,38.1,39.4
Jefferson County,IL,43.8,38.4
Kankakee County,IL,48.5,37.4
Coles County,IL,43.4,39.3
Marion County,IL,42.8,39.1
Bond County,IL,51.5,35.3
Lawrence County,IL,39.9,31.8
McHenry County,IL,63.2,39.1
Rock Island County,IL,55.7,34.5
Knox County,IL,55.6,42.8
McDonough County,IL,46,42.1
Kane County,IL,62.5,37.3
Ford County,IL,53.9,41.5
De Witt County,IL,50.3,39.1
Brown County,IL,49.7,37.9
Crawford County,IL,46.9,37.6
Jersey County,IL,53,37.7
Hamilton County,IL,34.9,38.5
Madison County,IL,58.1,37.9
Shelby County,IL,39.8,40.4
Warren County,IL,47,44.5
Clay County,IL,37,37.5
Fayette County,IL,33.8,35.4
Monroe County,IL,58.5,40.8
Livingston County,IL,48.5,42.6
Pike County,IL,38.8,35.9
LaSalle County,IL,55,39.9
Fulton County,IL,54.6,42.1
Bureau County,IL,54,41.7
Clinton County,IL,54.2,35.4
Cumberland County,IL,37.2,33.2
McLean County,IL,60.7,40.4
Menard County,IL,54.2,40.3
Hancock County,IL,45.5,31.1
Clark County,IL,46,41.2
Saline County,IL,45.7,39.4
Calhoun County,IL,43.7,37.1
Tipton County,IN,43.4,36.6
DeKalb County,IN,40.7,37.3
Henry County,IN,49.9,35.7
Grant County,IN,40,35.1
Warren County,IN,43.5,32.8
Floyd County,IN,54.6,36.9
Boone County,IN,67.6,38.1
Greene County,IN,39.1,35.9
Scott County,IN,42.1,37.1
Benton County,IN,40,33.5
Cass County,IN,43.2,32.3
Monroe County,IN,56.7,39.7
Fulton County,IN,38.3,37.7
White County,IN,52,36.2
Johnson County,IN,55.8,33.9
Union County,IN,47.2,34.9
Washington County,IN,38.6,32.0
Hancock County,IN,64.7,35.8
Lake County,IN,53,34.5
Madison County,IN,49.9,36.3
Allen County,IN,49.9,36.0
Jackson County,IN,50.5,32.2
Shelby County,IN,55,32.3
Hendricks County,IN,68.6,34.2
Vanderburgh County,IN,55.1,37.6
Spencer County,IN,42.6,35.2
Jasper County,IN,44.7,35.1
Decatur County,IN,46.1,37.8
Parke County,IN,38,33.4
Orange County,IN,53.3,35.1
Ohio County,IN,72.4,37.4
Wabash County,IN,39.7,36.0
Bartholomew County,IN,56.4,38.5
Jay County,IN,36.7,40.2
Vermillion County,IN,44.8,35.5
Pulaski County,IN,42.9,36.2
Carroll County,IN,32.8,33.5
Fountain County,IN,44.3,33.0
Whitley County,IN,45.5,35.2
Newton County,IN,30.2,33.1
Vigo County,IN,47.9,33.9
Ripley County,IN,45.8,38.5
Lawrence County,IN,47.2,35.0
Montgomery County,IN,43.7,34.3
Blackford County,IN,43.9,38.8
Dearborn County,IN,58.4,30.8
Clinton County,IN,45.6,31.5
Gibson County,IN,44.7,34.9
Jefferson County,IN,53.2,39.0
Marion County,IN,52.6,32.6
Elkhart County,IN,40.5,31.1
Putnam County,IN,40.9,31.4
Clark County,IN,57.5,32.4
Daviess County,IN,31.8,31.3
Franklin County,IN,35.9,33.8
Steuben County,IN,45.6,42.1
Adams County,IN,31.8,39.3
LaPorte County,IN,53.3,35.7
Sullivan County,IN,47.5,36.3
Brown County,IN,48.1,40.8
Clay County,IN,53.3,32.8
Crawford County,IN,35.8,34.8
Randolph County,IN,43.2,37.9
LaGrange County,IN,21.8,33.3
Switzerland County,IN,29.6,35.4
Noble County,IN,36.9,32.1
Harrison County,IN,48.6,35.9
Morgan County,IN,51.3,32.4
Hamilton County,IN,68.2,40.6
Warrick County,IN,60.2,39.8
Martin County,IN,47.4,28.6
Posey County,IN,45.6,38.6
Tippecanoe County,IN,55,36.9
Knox County,IN,47.5,35.8
Pike County,IN,55.3,34.6
Rush County,IN,44.9,39.1
Starke County,IN,35,36.2
Dubois County,IN,54.9,38.8
Perry County,IN,54.5,39.2
Jennings County,IN,38.2,32.4
Fayette County,IN,37.6,35.9
Unknown County,IN,0,43.9
Wayne County,IN,46.9,36.9
Huntington County,IN,48.2,35.5
Howard County,IN,45.2,35.7
Miami County,IN,39.8,27.2
Delaware County,IN,46.2,37.8
Porter County,IN,54.1,38.4
St. Joseph County,IN,55.7,35.7
Owen County,IN,40.8,35.8
Wells County,IN,39.9,37.1
Kosciusko County,IN,38.9,32.7
Marshall County,IN,42.6,36.8
Rush County,KS,48.3,23.9
Meade County,KS,38.7,24.7
Sheridan County,KS,34.3,42.4
McPherson County,KS,53.3,38.6
Mitchell County,KS,51.4,44.1
Ness County,KS,50.2,34.3
Decatur County,KS,38.8,47.2
Clay County,KS,55.2,39.5
Coffey County,KS,50.8,33.1
Ellis County,KS,47.2,35.0
Rice County,KS,41.7,33.7
Wyandotte County,KS,52.5,24.2
Wilson County,KS,41.2,34.7
Haskell County,KS,36.9,34.5
Gray County,KS,42.9,35.8
Kearny County,KS,50.4,29.9
Pottawatomie County,KS,38.2,41.2
Trego County,KS,38.3,36.7
Marion County,KS,46.7,41.1
Wallace County,KS,36.4,37.8
Atchison County,KS,43.4,35.9
Harvey County,KS,44.2,39.2
Harper County,KS,44.9,27.3
Marshall County,KS,61.6,46.3
Doniphan County,KS,45.8,27.7
Edwards County,KS,46.3,39.7
Ford County,KS,41.2,26.7
Cloud County,KS,45.6,37.0
Wichita County,KS,48.6,36.2
Ellsworth County,KS,52.6,33.7
Gove County,KS,46.1,40.2
Greenwood County,KS,47.3,26.1
Washington County,KS,51.3,46.9
Cherokee County,KS,43.3,26.9
Riley County,KS,36.7,43.5
Lane County,KS,40.8,44.6
Cheyenne County,KS,43.2,39.1
Russell County,KS,41.3,34.7
Allen County,KS,42.6,38.1
Miami County,KS,45.5,36.1
Kiowa County,KS,48.6,38.5
Osage County,KS,48.5,38.6
Seward County,KS,42.8,18.3
Sumner County,KS,41.2,33.3
Leavenworth County,KS,57.2,25.6
Sedgwick County,KS,49.6,32.5
Kingman County,KS,45.4,36.6
Stafford County,KS,44.2,40.3
Scott County,KS,45.2,30.5
Labette County,KS,47.2,33.1
Jackson County,KS,60.8,35.6
Morris County,KS,53.9,45.6
Rawlins County,KS,41.1,39.9
Geary County,KS,62.6,15.0
Johnson County,KS,70.8,32.9
Pawnee County,KS,51,43.4
Sherman County,KS,41.9,36.4
Barber County,KS,45.1,39.4
Osborne County,KS,40.8,43.3
Ottawa County,KS,39.2,34.4
Elk County,KS,32.3,40.2
Pratt County,KS,46.6,38.7
Chautauqua County,KS,39.4,39.3
Reno County,KS,47.4,27.6
Grant County,KS,44.3,30.8
Finney County,KS,43,22.5
Hamilton County,KS,38.7,28.6
Douglas County,KS,58.6,40.5
Bourbon County,KS,35.2,37.4
Graham County,KS,69.3,31.6
Norton County,KS,51.1,37.9
Anderson County,KS,40.9,34.7
Dickinson County,KS,50.6,28.1
Brown County,KS,57.1,38.7
Unknown County,KS,0,38.2
Crawford County,KS,45.1,35.8
Nemaha County,KS,51.1,44.7
Cowley County,KS,45.5,35.8
Shawnee County,KS,58.2,39.4
Woodson County,KS,40.7,41.1
Rooks County,KS,46.2,36.0
Chase County,KS,43.2,47.3
Thomas County,KS,39.8,38.8
Neosho County,KS,26,43.3
Logan County,KS,45.2,37.9
Barton County,KS,40.9,36.5
Greeley County,KS,49.8,41.1
Clark County,KS,44.2,39.3
Stanton County,KS,48.4,29.4
Wabaunsee County,KS,45.5,46.0
Lincoln County,KS,42.2,42.9
Hodgeman County,KS,43.2,28.8
Republic County,KS,49.6,37.0
Jefferson County,KS,51.7,39.2
Montgomery County,KS,43.5,32.5
Lyon County,KS,54.5,33.8
Linn County,KS,33.8,36.2
Butler County,KS,45.3,33.2
Comanche County,KS,44.1,45.0
Smith County,KS,43.2,41.0
Phillips County,KS,42,35.6
Morton County,KS,39.4,31.7
Franklin County,KS,48.5,34.2
Saline County,KS,47.9,37.2
Stevens County,KS,35.5,30.8
Jewell County,KS,44.7,45.4
Trigg County,KY,45.1,37.1
Scott County,KY,53.2,35.8
Carroll County,KY,44,33.4
Fayette County,KY,63.2,38.2
Montgomery County,KY,44,37.0
Breckinridge County,KY,41.2,38.5
Ballard County,KY,36.2,45.3
Bourbon County,KY,54.2,36.4
Warren County,KY,36.5,38.2
Todd County,KY,39.9,30.4
Robertson County,KY,36.9,43.1
Clark County,KY,51.7,36.7
Greenup County,KY,50,34.4
Laurel County,KY,38.8,31.0
Lyon County,KY,56.7,42.9
Calloway County,KY,43.3,34.9
Harlan County,KY,44.3,33.8
Lee County,KY,47.7,34.9
Nelson County,KY,49.4,35.3
Campbell County,KY,60.1,36.1
Rowan County,KY,49.2,36.3
Elliott County,KY,33.9,38.9
Owsley County,KY,45.1,29.6
Grant County,KY,46.4,34.3
Letcher County,KY,51,38.4
Livingston County,KY,47.1,33.4
Boyd County,KY,47,33.5
Monroe County,KY,44,36.0
Union County,KY,39.5,35.9
Barren County,KY,43.4,35.1
Estill County,KY,49.1,35.3
Fulton County,KY,55.5,22.7
Hart County,KY,33.9,35.8
Morgan County,KY,46.4,30.5
Adair County,KY,37,34.9
Green County,KY,41.3,35.9
McLean County,KY,48.7,38.9
Shelby County,KY,44.7,35.9
Wolfe County,KY,50.8,36.7
Meade County,KY,35.9,33.2
Marion County,KY,47.7,38.4
Johnson County,KY,48.2,32.2
Daviess County,KY,51.6,39.8
Kenton County,KY,57.4,35.0
Clinton County,KY,38.7,29.8
Owen County,KY,36,37.6
Lawrence County,KY,46,34.2
Perry County,KY,59.1,33.3
Crittenden County,KY,39.5,31.7
Spencer County,KY,28,60.1
Taylor County,KY,45.9,34.7
Edmonson County,KY,33.1,36.6
Clay County,KY,42,24.4
Muhlenberg County,KY,49,39.0
Simpson County,KY,47.9,34.4
Boone County,KY,58.9,33.5
Carlisle County,KY,39.2,34.8
Casey County,KY,34.2,32.8
Jefferson County,KY,60.9,37.8
Butler County,KY,42.7,34.9
Breathitt County,KY,49.4,32.8
Bell County,KY,43.9,28.8
Powell County,KY,49.8,34.5
Bath County,KY,50.7,36.0
Fleming County,KY,49.1,37.2
Floyd County,KY,55.1,33.9
Washington County,KY,48.7,36.6
Caldwell County,KY,49,34.2
Henderson County,KY,48.4,33.8
McCracken County,KY,53,35.3
Wayne County,KY,39.5,33.4
Gallatin County,KY,39.2,32.3
Pike County,KY,51,35.2
Lewis County,KY,36.6,31.2
Hancock County,KY,56.4,39.1
Harrison County,KY,47.8,38.7
Carter County,KY,46.6,35.0
Logan County,KY,48.5,35.5
Webster County,KY,44.2,32.8
Martin County,KY,52.4,21.8
Unknown County,KY,0,32.3
Leslie County,KY,49.6,31.4
Henry County,KY,51,34.3
Trimble County,KY,41.3,29.0
Hardin County,KY,57.2,28.6
Jessamine County,KY,51.1,35.1
Franklin County,KY,58.7,41.1
Boyle County,KY,54.4,40.5
Whitley County,KY,42.3,27.4
Hickman County,KY,35.4,33.6
Hopkins County,KY,49.2,36.8
Graves County,KY,43,34.8
McCreary County,KY,37.3,29.6
Larue County,KY,41.7,34.3
Jackson County,KY,34.6,32.9
Woodford County,KY,63.4,41.0
Mercer County,KY,52.1,36.7
Marshall County,KY,51.5,36.5
Ohio County,KY,38,35.6
Grayson County,KY,48.8,36.1
Knox County,KY,34.8,28.3
Menifee County,KY,42.6,38.7
Lincoln County,KY,39.1,32.9
Pendleton County,KY,41.9,37.4
Pulaski County,KY,43.8,33.9
Cumberland County,KY,42.2,35.5
Allen County,KY,37.5,33.3
Oldham County,KY,55,36.3
Madison County,KY,45.7,33.7
Magoffin County,KY,49,37.2
Bracken County,KY,44.9,36.8
Metcalfe County,KY,38.5,36.2
Mason County,KY,48.6,40.8
Rockcastle County,KY,38.1,35.2
Garrard County,KY,45.8,35.3
Nicholas County,KY,50.7,37.9
Christian County,KY,32.5,27.9
Russell County,KY,43.9,37.4
Anderson County,KY,52.5,35.2
Bullitt County,KY,42.8,33.6
Knott County,KY,46,37.8
Tangipahoa Parish,LA,43.7,28.8
Natchitoches Parish,LA,40.8,32.5
Evangeline Parish,LA,36.4,28.7
Union Parish,LA,43.1,32.0
Washington Parish,LA,39.6,30.7
Ascension Parish,LA,48.1,28.8
Vernon Parish,LA,50.2,14.6
Iberia Parish,LA,44,30.6
Madison Parish,LA,41.7,26.3
Avoyelles Parish,LA,43.5,29.5
East Feliciana Parish,LA,38.3,34.0
Orleans Parish,LA,65.5,37.0
Assumption Parish,LA,40.6,29.0
De Soto Parish,LA,40.5,27.7
St. Tammany Parish,LA,54.2,33.5
Lafourche Parish,LA,42.5,28.7
Jefferson Parish,LA,61.9,33.0
Calcasieu Parish,LA,40,26.1
St. John the Baptist Parish,LA,56.1,28.7
Claiborne Parish,LA,39.6,30.0
St. Charles Parish,LA,53.7,30.8
Allen Parish,LA,34.2,25.8
Unknown County,LA,0,25.6
Jefferson Davis Parish,LA,35.1,29.6
Ouachita Parish,LA,42.6,28.5
Franklin Parish,LA,35.1,28.8
Vermilion Parish,LA,36.1,30.1
St. Helena Parish,LA,29.3,33.5
St. Landry Parish,LA,39.2,32.6
East Carroll Parish,LA,42.6,31.4
Plaquemines Parish,LA,58.7,25.2
Terrebonne Parish,LA,42.7,26.0
Rapides Parish,LA,47,27.9
Bossier Parish,LA,46,25.2
Tensas Parish,LA,59.6,28.7
Livingston Parish,LA,37.8,26.3
Webster Parish,LA,40.8,30.9
Jackson Parish,LA,39.8,27.5
Iberville Parish,LA,52.5,29.9
Winn Parish,LA,42.9,22.3
Bienville Parish,LA,45.6,31.3
East Baton Rouge Parish,LA,53.1,34.2
St. Bernard Parish,LA,45.9,26.7
Sabine Parish,LA,35.6,25.8
West Baton Rouge Parish,LA,51.2,29.5
St. James Parish,LA,49.2,31.9
West Feliciana Parish,LA,85,42.8
Lafayette Parish,LA,47.6,31.0
Concordia Parish,LA,39.1,21.2
Catahoula Parish,LA,38.7,27.2
Caldwell Parish,LA,36.8,32.9
Morehouse Parish,LA,43,32.0
St. Martin Parish,LA,38.4,29.0
St. Mary Parish,LA,42.8,29.6
Lincoln Parish,LA,40.6,30.8
Beauregard Parish,LA,32.2,27.8
Grant Parish,LA,40.3,26.0
Acadia Parish,LA,50.3,27.4
West Carroll Parish,LA,39.1,28.7
Richland Parish,LA,40.9,31.1
Caddo Parish,LA,45.8,32.0
Cameron Parish,LA,17.1,25.9
Red River Parish,LA,34.5,26.3
Pointe Coupee Parish,LA,52.7,35.7
La Salle Parish,LA,41.7,18.3
Dukes County,MA,,
Essex County,MA,70,38.4
Nantucket County,MA,,
Bristol County,MA,61.6,33.2
Franklin County,MA,65.1,44.9
Barnstable County,MA,,
Middlesex County,MA,76.1,42.6
Hampshire County,MA,64,48.6
Unknown County,MA,0,29.9
Berkshire County,MA,55.6,50.3
Norfolk County,MA,75.2,43.8
Worcester County,MA,66,37.6
Plymouth County,MA,65.9,39.7
Suffolk County,MA,68.9,36.0
Hampden County,MA,61.7,34.7
Washington County,MD,55.9,39.1
Wicomico County,MD,52.2,37.0
Queen Anne's County,MD,62.9,41.1
St. Mary's County,MD,64.5,35.1
Prince George's County,MD,68,30.0
Charles County,MD,63,32.7
Baltimore city,MD,60,37.6
Somerset County,MD,47.3,36.6
Cecil County,MD,54.7,30.0
Calvert County,MD,66.2,41.7
Howard County,MD,80.4,46.1
Unknown County,MD,0,25.0
Baltimore County,MD,67.3,39.6
Montgomery County,MD,83.3,40.6
Anne Arundel County,MD,73.1,37.4
Frederick County,MD,72.3,40.0
Caroline County,MD,53.9,37.4
Kent County,MD,64.4,48.3
Allegany County,MD,53.4,38.5
Dorchester County,MD,55.2,40.0
Garrett County,MD,47.8,41.8
Worcester County,MD,68.1,41.7
Harford County,MD,66.3,37.7
Talbot County,MD,69.8,50.2
Carroll County,MD,70,43.8
Lincoln County,ME,78.1,52.0
Washington County,ME,69,45.1
Kennebec County,ME,68.4,43.6
Hancock County,ME,73.6,50.6
Oxford County,ME,65,42.0
Androscoggin County,ME,66.4,40.7
Aroostook County,ME,66.1,48.1
Piscataquis County,ME,59.3,44.4
Unknown County,ME,0,23.4
Cumberland County,ME,84.3,48.6
Franklin County,ME,61.2,47.3
Somerset County,ME,58.9,42.8
York County,ME,77.7,40.9
Sagadahoc County,ME,76.1,48.1
Penobscot County,ME,68.2,42.3
Waldo County,ME,68.1,45.5
Knox County,ME,80.4,51.9
Unknown County,MH,0,5.4
Chippewa County,MI,66.8,39.4
Saginaw County,MI,50.4,45.3
Houghton County,MI,49.9,41.3
Sanilac County,MI,41.1,46.0
Montmorency County,MI,52.7,47.8
Iosco County,MI,54.5,43.7
Shiawassee County,MI,49.2,46.9
Presque Isle County,MI,58.1,51.7
Arenac County,MI,49.6,47.6
Calhoun County,MI,49.6,41.1
Clinton County,MI,54.4,49.8
Huron County,MI,52.2,50.9
Alpena County,MI,53.2,46.7
Kalkaska County,MI,45.1,44.5
Allegan County,MI,49.6,46.3
Washtenaw County,MI,68.3,44.0
Dickinson County,MI,64.8,35.1
Delta County,MI,59.8,42.1
Midland County,MI,56.5,45.0
Muskegon County,MI,52.3,46.2
Otsego County,MI,53.3,47.2
Ogemaw County,MI,43.4,44.6
Alcona County,MI,56.4,44.8
Oceana County,MI,51.8,45.2
St. Clair County,MI,47.7,39.5
Roscommon County,MI,54.4,52.6
Grand Traverse County,MI,64.7,49.6
Kent County,MI,58.1,43.9
Kalamazoo County,MI,58.4,47.5
Schoolcraft County,MI,54,47.7
Tuscola County,MI,44.2,46.3
Missaukee County,MI,46.6,45.1
Newaygo County,MI,42.7,44.7
Van Buren County,MI,54,43.6
Menominee County,MI,68.7,34.8
Unknown County,MI,0,35.1
Wayne County,MI,50.8,35.3
Ingham County,MI,54.5,46.7
Gladwin County,MI,46.1,47.9
Berrien County,MI,53.2,39.5
Luce County,MI,43,46.0
Osceola County,MI,40.2,47.2
Lenawee County,MI,50.4,40.0
Barry County,MI,46.5,47.4
Gogebic County,MI,63.9,45.2
Monroe County,MI,53.9,36.1
Baraga County,MI,58,38.7
Marquette County,MI,61.5,45.2
Lapeer County,MI,45.3,42.8
Genesee County,MI,47.9,43.5
Leelanau County,MI,79.8,48.6
Benzie County,MI,64.7,47.5
Alger County,MI,60.6,48.0
St. Joseph County,MI,43.2,41.3
Lake County,MI,56.4,38.1
Ontonagon County,MI,67.5,52.5
Cheboygan County,MI,53.8,46.2
Cass County,MI,41.2,33.6
Emmet County,MI,70.1,47.5
Isabella County,MI,42.6,43.2
Branch County,MI,42.9,41.8
Jackson County,MI,50.1,42.8
Mackinac County,MI,72.4,42.3
Oscoda County,MI,40.6,44.9
Mecosta County,MI,39.9,47.4
Clare County,MI,44.5,46.8
Manistee County,MI,57.7,52.4
Charlevoix County,MI,62.2,49.4
Hillsdale County,MI,36.7,42.2
Crawford County,MI,49.2,47.7
Ottawa County,MI,54.8,46.7
Eaton County,MI,54.4,47.3
Keweenaw County,MI,56.7,48.5
Iron County,MI,54.7,41.7
Oakland County,MI,63.4,42.7
Macomb County,MI,54.3,38.7
Bay County,MI,54.8,45.8
Wexford County,MI,49.3,47.4
Livingston County,MI,57.8,42.6
Ionia County,MI,44.8,44.2
Montcalm County,MI,40.4,44.0
Gratiot County,MI,44,45.0
Antrim County,MI,56,49.2
Mason County,MI,58.1,52.1
Rice County,MN,60.3,44.9
Grant County,MN,52.5,47.5
Faribault County,MN,55.3,47.7
Cook County,MN,78,53.0
Roseau County,MN,49.4,40.7
Stevens County,MN,55.2,45.4
Todd County,MN,40.5,49.2
Meeker County,MN,45.5,48.9
Aitkin County,MN,57.1,55.7
Becker County,MN,52,47.6
Swift County,MN,55.3,50.2
Dodge County,MN,57.9,48.3
Koochiching County,MN,56.5,54.0
Isanti County,MN,40.6,45.7
Ramsey County,MN,67.4,45.7
Wabasha County,MN,70.2,46.5
Red Lake County,MN,54.3,37.8
Wadena County,MN,47.6,45.3
Winona County,MN,62.2,45.6
Nicollet County,MN,60.1,51.9
Yellow Medicine County,MN,54.6,45.0
Mille Lacs County,MN,54.8,38.2
Brown County,MN,63.4,49.5
Pine County,MN,46.6,47.9
Crow Wing County,MN,54.3,51.5
Polk County,MN,55.3,36.1
Freeborn County,MN,54.6,50.3
Pennington County,MN,51.4,44.1
Pope County,MN,54.3,52.8
Jackson County,MN,48.8,48.7
Lake of the Woods County,MN,53.2,48.5
Sibley County,MN,46.7,50.1
Fillmore County,MN,66,42.4
Washington County,MN,66.7,49.7
Carver County,MN,63.9,48.4
Big Stone County,MN,60.4,47.8
Mahnomen County,MN,56.5,40.2
Blue Earth County,MN,58,45.8
Marshall County,MN,48.5,39.1
Martin County,MN,53.3,51.6
Renville County,MN,52.4,45.5
Anoka County,MN,55.5,45.3
Morrison County,MN,46.2,48.6
Sherburne County,MN,43.1,44.8
Carlton County,MN,61.6,51.8
Lac qui Parle County,MN,56.6,54.8
Itasca County,MN,54.3,53.9
Le Sueur County,MN,46.3,59.1
Lyon County,MN,54,41.5
Rock County,MN,51.9,40.5
Steele County,MN,58.1,50.2
Clay County,MN,56.3,30.8
Stearns County,MN,55.5,41.4
Cottonwood County,MN,53.5,47.4
Otter Tail County,MN,48.4,54.5
Murray County,MN,52.5,53.0
Wright County,MN,51.7,40.6
Hubbard County,MN,45.5,55.2
Beltrami County,MN,62.2,39.8
Redwood County,MN,51.7,47.9
Watonwan County,MN,55.3,46.5
Kanabec County,MN,40.6,56.9
Waseca County,MN,54.5,48.6
Traverse County,MN,60.6,44.5
Scott County,MN,65.8,42.3
Goodhue County,MN,63.7,51.5
Kittson County,MN,56.3,45.7
Kandiyohi County,MN,51.1,48.8
Cass County,MN,53.6,51.7
St. Louis County,MN,64.2,52.3
Chisago County,MN,54.5,42.8
Houston County,MN,57.5,23.2
Olmsted County,MN,73.6,57.0
Clearwater County,MN,40.2,44.1
McLeod County,MN,54.9,43.4
Lincoln County,MN,51.3,50.0
Chippewa County,MN,50.3,54.1
Wilkin County,MN,52.4,31.0
Douglas County,MN,55,53.5
Hennepin County,MN,70.5,47.7
Mower County,MN,59.1,45.6
Pipestone County,MN,52.2,46.3
Norman County,MN,58,43.3
Nobles County,MN,58.2,39.7
Dakota County,MN,65.8,48.2
Benton County,MN,40.3,50.6
Unknown County,MN,0,32.8
Lake County,MN,64.6,56.0
Hickory County,MO,37,42.9
Clay County,MO,51,39.7
Audrain County,MO,36,30.6
Montgomery County,MO,46.9,30.1
Camden County,MO,42.8,38.5
Stoddard County,MO,38.1,27.9
Pemiscot County,MO,29.4,14.3
Holt County,MO,39.8,37.4
Miller County,MO,31.6,32.2
Caldwell County,MO,37.5,35.7
Mercer County,MO,33.6,35.5
Crawford County,MO,31.4,34.9
Ray County,MO,38.2,38.1
Scotland County,MO,25.3,42.1
Platte County,MO,53.6,40.0
Jasper County,MO,45.2,28.1
Wayne County,MO,34.7,26.4
Marion County,MO,40,35.6
Pike County,MO,36.1,30.7
Knox County,MO,38.2,42.8
Dunklin County,MO,35.2,23.6
Clark County,MO,29.1,35.2
Unknown County,MO,0,22.5
Polk County,MO,37.5,34.4
Nodaway County,MO,46.5,36.8
Vernon County,MO,33.6,34.2
Dade County,MO,42,33.8
Boone County,MO,58.4,34.4
Iron County,MO,37.1,29.3
Gasconade County,MO,49.5,33.6
Cole County,MO,50.5,34.5
Gentry County,MO,41.6,35.7
Howell County,MO,31.6,33.0
Lafayette County,MO,43.8,36.1
Cedar County,MO,30.9,39.1
Pulaski County,MO,57.4,9.3
Monroe County,MO,42.3,34.7
Callaway County,MO,44.8,34.5
Buchanan County,MO,36.7,33.7
Benton County,MO,45.4,36.8
Jefferson County,MO,42.3,35.3
Daviess County,MO,31,37.9
Atchison County,MO,53.5,35.1
Shannon County,MO,29.3,35.6
Washington County,MO,30.1,27.8
Howard County,MO,41.6,37.5
Pettis County,MO,40.6,31.4
Clinton County,MO,45.3,35.0
Moniteau County,MO,34.5,35.7
DeKalb County,MO,27,34.6
Barton County,MO,32,30.4
St. Louis County,MO,60.6,38.7
Sullivan County,MO,41,30.8
New Madrid County,MO,31.9,32.0
Saline County,MO,44.7,30.1
Barry County,MO,42.4,30.1
Shelby County,MO,45.3,38.4
Wright County,MO,34.5,30.4
Jackson County,MO,53.6,32.5
Schuyler County,MO,27.1,46.9
Oregon County,MO,29.8,31.5
Henry County,MO,43.8,36.1
Osage County,MO,38.2,37.6
Greene County,MO,47.1,36.7
Bollinger County,MO,31.7,29.0
Macon County,MO,38.4,37.7
Grundy County,MO,33.7,34.9
Taney County,MO,38.9,29.0
Harrison County,MO,32.4,34.9
Lewis County,MO,32.7,30.3
Madison County,MO,37.1,33.4
Ralls County,MO,27.2,51.3
Laclede County,MO,35.1,27.7
Franklin County,MO,52.3,34.3
Douglas County,MO,23.3,33.0
Ozark County,MO,30,31.8
Dallas County,MO,33.6,33.7
Bates County,MO,37.2,35.2
Christian County,MO,43.9,31.4
Cass County,MO,48.8,35.0
Webster County,MO,40.8,27.7
St. Clair County,MO,33.1,39.3
Adair County,MO,43.1,38.1
Dent County,MO,30.1,31.6
Scott County,MO,41.8,24.5
Warren County,MO,40.1,36.5
Morgan County,MO,35.7,31.7
Mississippi County,MO,41.4,29.2
Phelps County,MO,41.8,33.8
Linn County,MO,43.8,31.2
Cape Girardeau County,MO,46.3,32.5
Johnson County,MO,38.8,28.9
Worth County,MO,39,37.2
Randolph County,MO,36,31.0
Carroll County,MO,47.5,33.6
Perry County,MO,38.1,33.4
Ripley County,MO,27.8,29.0
Lincoln County,MO,37.3,32.9
Carter County,MO,31.2,29.6
Chariton County,MO,36.2,41.6
Cooper County,MO,41.6,35.4
St. Charles County,MO,58.6,37.1
Texas County,MO,31.1,29.8
St. Louis city,MO,54.9,33.5
Andrew County,MO,35.2,43.3
St. Francois County,MO,41.6,30.1
Maries County,MO,36.6,33.5
Butler County,MO,32.7,27.0
Reynolds County,MO,25.2,37.3
Ste. Genevieve County,MO,43.4,38.9
Stone County,MO,36.4,41.8
Livingston County,MO,41.8,36.0
Newton County,MO,24.6,42.5
Lawrence County,MO,36.5,29.5
Putnam County,MO,32,43.6
McDonald County,MO,30.7,21.1
Unknown County,MP,0,34.4
Neshoba County,MS,38.2,24.5
Quitman County,MS,49.5,22.6
DeSoto County,MS,49.9,22.3
Perry County,MS,35,22.3
Covington County,MS,47.3,23.3
Prentiss County,MS,40.4,25.1
Tishomingo County,MS,36.7,28.9
Pontotoc County,MS,39.3,26.3
Jackson County,MS,43.6,23.3
Smith County,MS,31.9,23.0
Montgomery County,MS,52.5,23.7
Copiah County,MS,50.2,24.5
Winston County,MS,45.3,24.6
Amite County,MS,37.4,25.2
Monroe County,MS,47.7,26.1
Leake County,MS,44.8,22.9
Carroll County,MS,38.6,22.8
Calhoun County,MS,41.4,21.1
Hancock County,MS,39.2,24.6
Lowndes County,MS,48.1,25.4
Greene County,MS,35.3,15.7
Harrison County,MS,51.3,20.8
George County,MS,38.1,18.7
Coahoma County,MS,47.6,24.1
Washington County,MS,46.5,22.9
Walthall County,MS,38.4,25.3
Pike County,MS,46.7,25.2
Franklin County,MS,44.9,25.0
Humphreys County,MS,54.1,21.3
Wilkinson County,MS,61,27.7
Tate County,MS,41.9,23.0
Noxubee County,MS,52.3,30.0
Rankin County,MS,48.7,25.9
Sunflower County,MS,49.6,23.7
Adams County,MS,50.6,26.6
Kemper County,MS,41.6,24.6
Tunica County,MS,47.3,23.0
Marshall County,MS,50.1,22.1
Jones County,MS,40.3,23.4
Oktibbeha County,MS,48.8,25.6
Unknown County,MS,0,34.5
Benton County,MS,47.9,24.6
Sharkey County,MS,51.3,20.6
Issaquena County,MS,34.6,21.1
Union County,MS,37.3,25.9
Madison County,MS,60.1,29.3
Bolivar County,MS,55,23.6
Lincoln County,MS,36.3,22.4
Holmes County,MS,54.3,25.6
Chickasaw County,MS,45.5,22.9
Lafayette County,MS,52.2,28.8
Jefferson Davis County,MS,41.5,25.0
Warren County,MS,54.2,26.7
Wayne County,MS,36.4,21.6
Scott County,MS,46.9,24.3
Leflore County,MS,57.9,24.2
Marion County,MS,43.1,24.4
Hinds County,MS,54.1,27.8
Claiborne County,MS,50.8,26.5
Alcorn County,MS,36.5,30.8
Clarke County,MS,54.1,19.8
Yazoo County,MS,45.9,22.4
Panola County,MS,44.3,23.8
Simpson County,MS,42.1,25.4
Choctaw County,MS,34,22.6
Tallahatchie County,MS,39.1,22.3
Attala County,MS,50.2,22.6
Lawrence County,MS,51.8,27.0
Lee County,MS,41,27.2
Pearl River County,MS,44.6,23.1
Clay County,MS,43.1,23.5
Tippah County,MS,39.5,25.5
Jefferson County,MS,65,27.2
Itawamba County,MS,32.9,26.1
Lamar County,MS,55.8,25.3
Grenada County,MS,49.3,23.9
Forrest County,MS,39.3,23.9
Yalobusha County,MS,62.1,25.7
Lauderdale County,MS,47.7,22.1
Newton County,MS,49.7,23.4
Jasper County,MS,46.7,24.0
Stone County,MS,43,25.6
Webster County,MS,45.7,25.3
Powder River County,MT,21.5,34.9
Broadwater County,MT,31.6,40.2
Teton County,MT,40.2,41.6
Flathead County,MT,40.2,40.7
Wibaux County,MT,27,30.2
Meagher County,MT,48.6,44.0
Yellowstone County,MT,49.3,39.3
Valley County,MT,44.3,45.0
Musselshell County,MT,33.1,39.1
McCone County,MT,17.3,58.3
Pondera County,MT,52.2,39.3
Treasure County,MT,46.7,40.0
Carter County,MT,29.5,41.2
Park County,MT,56.4,42.8
Roosevelt County,MT,63.1,31.1
Cascade County,MT,51.3,32.2
Missoula County,MT,62.3,43.6
Garfield County,MT,18.7,34.5
Powell County,MT,43.6,34.3
Beaverhead County,MT,52.3,43.4
Chouteau County,MT,31,60.7
Carbon County,MT,45.9,45.0
Blaine County,MT,79.3,35.5
Sweet Grass County,MT,39,45.6
Jefferson County,MT,47.6,44.9
Glacier County,MT,80.3,26.3
Petroleum County,MT,29.8,52.4
Sheridan County,MT,46.9,52.2
Rosebud County,MT,80.5,32.9
Fergus County,MT,45.2,44.5
Ravalli County,MT,46.9,46.3
Golden Valley County,MT,44,36.6
Stillwater County,MT,40.6,43.6
Big Horn County,MT,82.9,26.4
Dawson County,MT,36.3,39.5
Sanders County,MT,36.9,41.1
Hill County,MT,65.7,31.8
Gallatin County,MT,56.7,40.0
Unknown County,MT,0,29.4
Toole County,MT,44.1,25.6
Deer Lodge County,MT,55.9,50.5
Wheatland County,MT,34.5,40.8
Prairie County,MT,36.5,50.4
Liberty County,MT,32.9,52.0
Silver Bow County,MT,59.6,44.2
Lincoln County,MT,33.9,44.4
Lewis and Clark County,MT,56.9,44.9
Madison County,MT,43,47.3
Phillips County,MT,42.4,45.9
Daniels County,MT,40.5,44.0
Lake County,MT,54.2,42.4
Fallon County,MT,32.4,40.6
Judith Basin County,MT,38.3,43.2
Custer County,MT,42.1,40.4
Mineral County,MT,52.1,42.6
Richland County,MT,37.9,36.1
Granite County,MT,35.5,39.4
Greene County,NC,47.8,12.5
Chatham County,NC,55.5,19.1
Wake County,NC,69,19.3
McDowell County,NC,50.2,21.6
Haywood County,NC,54.9,28.2
Ashe County,NC,50.9,25.6
Forsyth County,NC,58.7,17.7
Cumberland County,NC,60.2,9.4
Gaston County,NC,47.9,18.0
Macon County,NC,56.8,29.9
Scotland County,NC,44.6,19.9
Pitt County,NC,50.9,15.6
Mitchell County,NC,47.6,26.0
Hoke County,NC,31.6,17.7
Swain County,NC,53.6,29.5
Avery County,NC,51.4,28.0
Cabarrus County,NC,53.1,16.7
Durham County,NC,67.1,23.5
Jones County,NC,48.3,25.7
Northampton County,NC,45.6,26.9
Bertie County,NC,48.6,20.2
Polk County,NC,42.6,20.5
Cherokee County,NC,53.7,27.9
Wilson County,NC,50.4,24.8
Davie County,NC,54.1,22.6
Iredell County,NC,49.7,17.2
Henderson County,NC,55.7,30.0
Yancey County,NC,49.3,36.9
Caswell County,NC,47.8,31.3
Unknown County,NC,0,59.6
Surry County,NC,49.6,22.8
Lenoir County,NC,51.4,20.9
Harnett County,NC,37,17.5
Clay County,NC,51.8,20.1
Beaufort County,NC,52.4,26.3
Warren County,NC,52.6,17.2
Alleghany County,NC,56.4,23.7
Bladen County,NC,46.6,11.6
Perquimans County,NC,45.3,11.1
Person County,NC,53.4,21.8
Granville County,NC,58.7,20.7
Union County,NC,52.5,16.8
Currituck County,NC,53.2,20.4
Transylvania County,NC,52.9,27.6
Halifax County,NC,50.3,27.6
Pamlico County,NC,53.6,27.5
Johnston County,NC,49.4,18.6
Pender County,NC,48.6,18.6
Wilkes County,NC,44.8,18.1
Alamance County,NC,55.5,17.6
Watauga County,NC,52.9,24.8
Alexander County,NC,43.1,27.6
Randolph County,NC,41.8,19.4
Rowan County,NC,42.1,18.0
Lee County,NC,53.4,17.8
Cleveland County,NC,47.2,21.0
Rockingham County,NC,47.7,19.3
Franklin County,NC,48.5,18.5
Caldwell County,NC,45.1,25.5
Nash County,NC,55.1,20.9
Martin County,NC,50,19.5
Carteret County,NC,54.8,18.6
Columbus County,NC,42.3,19.9
Edgecombe County,NC,45.3,23.1
Hyde County,NC,62,36.2
Gates County,NC,49.2,26.3
Brunswick County,NC,59.2,23.9
Davidson County,NC,45.2,22.4
Robeson County,NC,39.6,19.9
Wayne County,NC,48.6,15.3
Chowan County,NC,52.8,25.3
Catawba County,NC,52.4,15.9
Craven County,NC,57.9,20.8
Lincoln County,NC,46.3,17.3
Jackson County,NC,52.2,22.4
Orange County,NC,74.5,23.5
Stokes County,NC,44.2,16.5
Dare County,NC,71.9,24.5
Buncombe County,NC,63.7,25.9
Tyrrell County,NC,46.9,27.5
New Hanover County,NC,60,21.2
Pasquotank County,NC,51,19.7
Guilford County,NC,58,14.8
Burke County,NC,44.6,21.1
Sampson County,NC,48.3,18.8
Mecklenburg County,NC,59.4,17.7
Stanly County,NC,39.9,13.9
Vance County,NC,53.1,15.4
Montgomery County,NC,40.4,18.7
Onslow County,NC,56.4,7.2
Rutherford County,NC,39.9,26.0
Moore County,NC,54.6,23.0
Graham County,NC,47.5,22.3
Camden County,NC,54.8,10.5
Hertford County,NC,45,14.2
Duplin County,NC,40,18.7
Richmond County,NC,45.4,23.6
Washington County,NC,47.2,28.1
Yadkin County,NC,47.1,19.2
Madison County,NC,54.8,31.1
Anson County,NC,43.6,14.5
Barnes County,ND,55.8,42.8
Emmons County,ND,33.3,39.3
Griggs County,ND,45.4,41.8
Adams County,ND,47.3,46.6
Sioux County,ND,45.8,25.4
Traill County,ND,52.4,39.2
Ward County,ND,45.8,29.7
Oliver County,ND,24.9,38.4
Foster County,ND,53.5,43.9
Eddy County,ND,50.3,47.8
Logan County,ND,36.3,43.2
Slope County,ND,10.7,38.8
Bottineau County,ND,47.2,44.8
Cass County,ND,58.2,37.6
Sheridan County,ND,35.9,53.2
Pembina County,ND,53.2,36.4
Steele County,ND,44.9,44.5
Dunn County,ND,23,34.2
Stark County,ND,35.1,36.4
LaMoure County,ND,46.6,49.0
Billings County,ND,20.7,29.2
Burleigh County,ND,48.6,38.1
Benson County,ND,49.1,29.3
Walsh County,ND,56.1,42.6
Stutsman County,ND,51.2,41.6
Rolette County,ND,63.6,32.6
Grant County,ND,21.8,52.2
McKenzie County,ND,20.8,27.2
Mountrail County,ND,39.1,32.8
Morton County,ND,43.6,37.4
McIntosh County,ND,42.4,42.8
Bowman County,ND,37.8,46.1
Ramsey County,ND,54.2,42.8
McHenry County,ND,40.3,42.4
Divide County,ND,39.7,37.1
Burke County,ND,38,37.4
Golden Valley County,ND,28.9,31.2
Pierce County,ND,44.1,47.2
Cavalier County,ND,58.4,51.5
Renville County,ND,37.6,37.4
McLean County,ND,44.6,41.0
Towner County,ND,46.2,48.0
Grand Forks County,ND,55.9,36.7
Richland County,ND,49.3,42.5
Ransom County,ND,57.2,47.9
Nelson County,ND,68.9,55.9
Wells County,ND,42.3,45.0
Unknown County,ND,0,24.1
Williams County,ND,28.7,27.1
Dickey County,ND,51,47.0
Mercer County,ND,37.6,41.1
Hettinger County,ND,38.1,44.2
Kidder County,ND,31.8,39.1
Sargent County,ND,56.9,48.5
Scotts Bluff County,NE,39.1,44.3
Clay County,NE,39.9,45.6
Boone County,NE,47.2,47.7
Adams County,NE,39.9,54.1
Garden County,NE,43.9,39.0
Fillmore County,NE,50.5,49.5
Gosper County,NE,37.8,53.6
Lincoln County,NE,31.2,52.7
Nuckolls County,NE,47.7,47.8
Phelps County,NE,37.3,50.9
Thayer County,NE,45.7,47.1
Colfax County,NE,43.9,31.1
Box Butte County,NE,31.9,49.4
Cedar County,NE,39.3,40.0
Grant County,NE,19.3,53.3
Platte County,NE,44.2,45.1
Pierce County,NE,36,38.8
Greeley County,NE,38.6,51.4
Banner County,NE,30.1,41.5
Furnas County,NE,41.9,44.3
Richardson County,NE,49,41.9
Gage County,NE,41.9,56.9
Sarpy County,NE,61.1,36.1
Loup County,NE,28.9,63.0
Arthur County,NE,18.1,60.7
Garfield County,NE,28.3,72.4
Washington County,NE,53.4,47.6
Stanton County,NE,27.1,48.3
Dawson County,NE,45.5,35.1
Cherry County,NE,32.7,31.9
Hall County,NE,45.6,41.6
Morrill County,NE,33.6,35.5
Hayes County,NE,23.1,47.9
Kearney County,NE,45.1,49.4
Rock County,NE,35,61.5
Thomas County,NE,24.1,52.9
Wayne County,NE,39.6,46.1
Unknown County,NE,0,14.5
Boyd County,NE,33.2,52.0
Chase County,NE,31.4,43.5
Logan County,NE,21.4,35.0
Lancaster County,NE,63.6,45.9
Red Willow County,NE,35.5,49.9
Saunders County,NE,49.7,43.0
Polk County,NE,39.7,53.6
Dundy County,NE,35,23.4
Custer County,NE,36.8,42.6
Saline County,NE,49.1,43.4
Nemaha County,NE,47.8,45.7
Dodge County,NE,50.9,50.3
Holt County,NE,40.3,51.8
Buffalo County,NE,39.2,52.4
Madison County,NE,43.4,39.8
Keya Paha County,NE,27.4,49.8
York County,NE,50.2,44.6
Pawnee County,NE,42.2,45.5
Hamilton County,NE,43.6,51.4
Deuel County,NE,32.7,42.7
Antelope County,NE,35.7,47.0
Johnson County,NE,52.1,35.6
Sherman County,NE,38,54.9
Harlan County,NE,38.8,49.5
Dakota County,NE,60.2,25.2
Valley County,NE,31.5,61.3
Merrick County,NE,41.3,48.1
Blaine County,NE,24.5,52.6
Cass County,NE,56.6,38.1
Otoe County,NE,53.4,49.2
Brown County,NE,34.6,36.8
Thurston County,NE,63.7,30.9
Seward County,NE,48,48.8
Keith County,NE,35.6,51.7
Dawes County,NE,36.6,48.2
Franklin County,NE,37.1,51.5
Webster County,NE,36.7,53.7
Howard County,NE,40.7,46.0
Sheridan County,NE,30.3,45.8
Butler County,NE,48.5,46.4
Cuming County,NE,50.5,53.6
Wheeler County,NE,29.9,46.6
Kimball County,NE,33.8,39.2
Perkins County,NE,38.8,42.6
Cheyenne County,NE,41,39.1
Knox County,NE,47,38.4
Hooker County,NE,41.2,56.2
Burt County,NE,55.9,50.7
Hitchcock County,NE,32.1,38.9
McPherson County,NE,13.8,50.0
Douglas County,NE,62.4,40.8
Dixon County,NE,41.2,42.3
Frontier County,NE,26.1,59.1
Sioux County,NE,23.6,49.1
Nance County,NE,27.7,60.4
Jefferson County,NE,52.5,51.0
Unknown County,NH,0,25.5
Rockingham County,NH,64.7,10.7
Belknap County,NH,59.5,12.8
Grafton County,NH,72.4,21.3
Sullivan County,NH,60.7,21.9
Carroll County,NH,70,30.5
Coos County,NH,64.4,30.7
Merrimack County,NH,66.2,13.9
Strafford County,NH,60.8,15.0
Hillsborough County,NH,61,10.1
Cheshire County,NH,59.9,10.3
Somerset County,NJ,71.6,40.8
Hudson County,NJ,71.7,28.5
Cape May County,NJ,70.3,38.7
Salem County,NJ,51.5,35.3
Ocean County,NJ,51.5,38.9
Camden County,NJ,64,39.3
Essex County,NJ,66.6,33.0
Cumberland County,NJ,47.6,35.7
Middlesex County,NJ,68.5,35.1
Hunterdon County,NJ,67.1,40.8
Gloucester County,NJ,58.6,42.4
Atlantic County,NJ,62.1,34.3
Monmouth County,NJ,64.2,39.4
Bergen County,NJ,72.8,35.6
Unknown County,NJ,0,10.2
Passaic County,NJ,64.8,27.6
Morris County,NJ,74.1,40.5
Union County,NJ,66.2,32.4
Sussex County,NJ,59.6,38.7
Warren County,NJ,64.4,35.0
Mercer County,NJ,66.1,38.0
Burlington County,NJ,70.7,38.8
Los Alamos County,NM,81.7,52.2
Sandoval County,NM,68,40.8
Curry County,NM,47,24.5
Hidalgo County,NM,55.9,40.0
Mora County,NM,62,48.4
San Miguel County,NM,64.1,47.8
Bernalillo County,NM,66.2,41.7
Socorro County,NM,64.3,42.5
Sierra County,NM,63.4,48.3
Catron County,NM,44.3,40.4
Quay County,NM,46.8,35.2
Roosevelt County,NM,35.7,34.5
Chaves County,NM,42.1,33.0
Harding County,NM,56.8,51.8
McKinley County,NM,79.5,31.3
Torrance County,NM,45.6,40.5
Cibola County,NM,65.7,33.2
Colfax County,NM,59.3,48.6
Dona Ana County,NM,70.4,34.4
Lincoln County,NM,56.3,45.0
Taos County,NM,79.2,45.3
Unknown County,NM,0,33.4
Rio Arriba County,NM,74.3,38.3
San Juan County,NM,68.9,39.5
Valencia County,NM,55.7,38.4
Grant County,NM,66,50.1
Otero County,NM,55.9,29.9
Union County,NM,42.7,28.8
Lea County,NM,41.1,28.0
Guadalupe County,NM,66.5,45.3
De Baca County,NM,48.5,29.3
Luna County,NM,68.5,35.9
Eddy County,NM,44,32.0
Santa Fe County,NM,77,47.0
Washoe County,NV,61.1,32.3
Esmeralda County,NV,39.6,21.7
Churchill County,NV,46.3,30.8
Elko County,NV,39.6,25.8
Humboldt County,NV,39.2,26.0
Mineral County,NV,54.3,34.0
Eureka County,NV,25.8,26.6
Pershing County,NV,34.5,22.2
Storey County,NV,19.4,33.6
Lyon County,NV,39.4,24.3
Lander County,NV,38.1,31.1
Unknown County,NV,0,24.1
Carson City,NV,60.9,32.4
Nye County,NV,44.2,35.3
Douglas County,NV,49.3,32.9
White Pine County,NV,49.9,25.9
Clark County,NV,53.3,29.0
Lincoln County,NV,36.8,33.0
Monroe County,NY,69,45.6
Sullivan County,NY,57.3,33.8
Cattaraugus County,NY,53.4,40.8
Wayne County,NY,59.7,43.5
Cayuga County,NY,56.6,40.4
Cortland County,NY,56.9,40.3
Chemung County,NY,57,40.2
Warren County,NY,74.2,49.4
Niagara County,NY,63.7,42.0
Herkimer County,NY,56.2,40.8
Erie County,NY,66.5,44.6
Wyoming County,NY,49.2,42.5
Washington County,NY,63.3,42.2
Schoharie County,NY,54.8,41.2
Chenango County,NY,58.2,41.4
Livingston County,NY,57.2,43.8
Delaware County,NY,54.9,38.9
Franklin County,NY,62.3,41.1
Broome County,NY,60.9,43.7
Seneca County,NY,51.5,42.2
Saratoga County,NY,76.2,46.6
Essex County,NY,69,44.2
Suffolk County,NY,71.4,32.1
Clinton County,NY,68.9,40.7
Ontario County,NY,65.6,45.7
Richmond County,NY,68.6,28.2
Greene County,NY,59.9,42.0
Chautauqua County,NY,56.2,41.1
Orleans County,NY,52.8,35.5
Otsego County,NY,59.1,45.6
Fulton County,NY,51.6,39.5
Orange County,NY,62.7,29.4
Columbia County,NY,71.3,40.1
Schenectady County,NY,69.4,45.3
Dutchess County,NY,66.3,36.7
Lewis County,NY,49.6,44.2
Onondaga County,NY,70.5,43.4
Genesee County,NY,57.4,39.1
Bronx County,NY,67.5,21.5
Rensselaer County,NY,67.3,43.0
Hamilton County,NY,81.6,46.5
Allegany County,NY,41.9,39.7
New York County,NY,80.7,35.0
Ulster County,NY,69.2,43.2
St. Lawrence County,NY,58.4,43.0
Putnam County,NY,69.6,36.5
Madison County,NY,58.7,42.0
Tioga County,NY,57.6,37.4
Schuyler County,NY,59.9,42.5
Steuben County,NY,57,36.7
Nassau County,NY,76.5,30.7
Tompkins County,NY,76.6,41.5
Oswego County,NY,56.9,40.9
Yates County,NY,50.7,48.2
Oneida County,NY,59.5,43.5
Queens County,NY,80.1,25.5
Jefferson County,NY,67.2,31.8
Albany County,NY,71.5,46.1
Kings County,NY,66.2,26.6
Rockland County,NY,60.1,28.8
Westchester County,NY,75.8,33.4
Unknown County,NY,0,27.6
Montgomery County,NY,63.4,40.1
Monroe County,OH,44.6,36.3
Madison County,OH,48.5,39.7
Marion County,OH,45.9,41.1
Summit County,OH,60.1,42.8
Stark County,OH,51.8,43.1
Wayne County,OH,43.4,42.8
Knox County,OH,41.3,42.0
Hardin County,OH,36.5,35.7
Mercer County,OH,36.7,41.3
Muskingum County,OH,46.3,42.6
Lorain County,OH,60.2,43.7
Lucas County,OH,55.1,41.5
Shelby County,OH,34.4,40.2
Columbiana County,OH,46.8,41.6
Coshocton County,OH,37.1,43.3
Medina County,OH,61.2,44.8
Licking County,OH,52.2,40.0
Ross County,OH,48.3,39.6
Fayette County,OH,41.4,40.0
Mahoning County,OH,54.1,42.2
Delaware County,OH,71.5,44.5
Logan County,OH,40.7,39.2
Athens County,OH,49.7,42.5
Butler County,OH,53.7,36.5
Van Wert County,OH,41.2,43.3
Pike County,OH,42,35.4
Morrow County,OH,39.7,40.5
Sandusky County,OH,50.5,44.3
Paulding County,OH,40.5,40.9
Unknown County,OH,0,61.9
Carroll County,OH,41.9,47.4
Geauga County,OH,58.9,48.5
Preble County,OH,41,37.6
Hancock County,OH,48.6,42.4
Belmont County,OH,46.3,36.4
Hocking County,OH,46.1,42.4
Auglaize County,OH,37.8,40.5
Richland County,OH,41.9,40.6
Holmes County,OH,17.5,43.5
Defiance County,OH,47,43.6
Washington County,OH,53.3,39.2
Greene County,OH,62.8,35.1
Jackson County,OH,44.8,38.1
Pickaway County,OH,48.3,39.2
Tuscarawas County,OH,42.3,41.8
Vinton County,OH,37.8,38.3
Guernsey County,OH,42.6,40.8
Henry County,OH,51.7,46.5
Highland County,OH,36.1,37.6
Ottawa County,OH,58.9,49.7
Montgomery County,OH,53.5,40.0
Wood County,OH,59.3,44.1
Champaign County,OH,43.5,37.6
Fulton County,OH,50.5,41.9
Lawrence County,OH,46.8,27.9
Lake County,OH,62.5,43.3
Perry County,OH,38.9,41.6
Union County,OH,59.2,41.2
Portage County,OH,54.6,42.5
Clark County,OH,49.2,39.9
Gallia County,OH,44.5,37.1
Hamilton County,OH,59.6,40.1
Ashtabula County,OH,49.8,42.9
Morgan County,OH,40.3,46.1
Wyandot County,OH,45.6,45.9
Harrison County,OH,41.3,42.2
Ashland County,OH,41.4,38.9
Franklin County,OH,60.9,40.0
Cuyahoga County,OH,61.3,43.6
Meigs County,OH,44.6,34.2
Fairfield County,OH,54.4,39.9
Jefferson County,OH,48.3,37.0
Brown County,OH,38.8,36.5
Allen County,OH,41.2,41.1
Miami County,OH,45.3,39.3
Trumbull County,OH,52.5,42.6
Adams County,OH,33.3,33.8
Clinton County,OH,44.7,39.2
Erie County,OH,56.7,47.8
Scioto County,OH,47.2,32.1
Noble County,OH,41.5,40.6
Darke County,OH,37.4,41.0
Williams County,OH,42.7,42.6
Huron County,OH,45.5,41.8
Warren County,OH,61.1,41.1
Clermont County,OH,54.2,37.6
Putnam County,OH,46.7,41.5
Crawford County,OH,43.1,39.6
Seneca County,OH,46.5,40.9
Harmon County,OK,46.7,37.4
Unknown County,OK,0,25.3
Cleveland County,OK,51.3,33.9
Payne County,OK,46.6,35.0
Jefferson County,OK,39.6,33.9
Texas County,OK,41.6,25.4
Rogers County,OK,44.2,29.9
Greer County,OK,35,35.2
Major County,OK,47.5,36.7
McCurtain County,OK,33.9,25.9
Choctaw County,OK,33.5,28.5
McClain County,OK,45.9,30.6
Grant County,OK,41,30.1
Logan County,OK,32.4,33.1
Okfuskee County,OK,44.7,33.6
Alfalfa County,OK,43.7,42.4
Cotton County,OK,47.4,31.0
Kay County,OK,40.3,35.6
Blaine County,OK,44.5,31.4
Atoka County,OK,33.8,30.7
Delaware County,OK,36.5,32.2
Ottawa County,OK,37,30.2
Latimer County,OK,32.6,33.5
Pontotoc County,OK,49,31.9
Osage County,OK,33.2,29.0
Lincoln County,OK,38,30.8
Johnston County,OK,39.9,30.9
Tulsa County,OK,58.3,31.0
Marshall County,OK,42.6,31.2
Harper County,OK,42.7,31.4
Seminole County,OK,49.6,28.8
Stephens County,OK,45,33.0
Roger Mills County,OK,34.6,36.0
Carter County,OK,41.7,30.8
Cimarron County,OK,30.4,22.2
Murray County,OK,43.1,36.2
Garvin County,OK,44.5,32.6
Bryan County,OK,40,26.9
Mayes County,OK,41,30.3
Cherokee County,OK,44.7,33.1
Craig County,OK,50.7,33.7
Beaver County,OK,29.6,28.0
Caddo County,OK,60,32.0
McIntosh County,OK,52.3,36.1
Washita County,OK,37.4,32.5
Jackson County,OK,51.5,25.7
Pottawatomie County,OK,45.7,28.6
Ellis County,OK,33.6,34.6
Washington County,OK,41.3,32.0
Noble County,OK,59.1,37.1
Sequoyah County,OK,37.6,30.5
Grady County,OK,35.8,30.5
Coal County,OK,38.2,32.0
Dewey County,OK,24.5,37.3
Custer County,OK,46.1,31.5
Woods County,OK,39.7,40.4
Tillman County,OK,47,32.9
Wagoner County,OK,44.7,31.1
Hughes County,OK,43.6,29.2
Oklahoma County,OK,61.1,29.3
Woodward County,OK,36.4,34.0
Pittsburg County,OK,43.5,32.5
Pawnee County,OK,47.2,33.9
Garfield County,OK,47.6,27.8
Creek County,OK,41.4,32.3
Love County,OK,40.1,31.1
Kingfisher County,OK,45.5,31.4
Beckham County,OK,39.3,30.7
Canadian County,OK,54.7,29.1
Haskell County,OK,39.2,32.4
Comanche County,OK,58.5,20.5
Okmulgee County,OK,40.9,32.0
Pushmataha County,OK,34,31.9
Nowata County,OK,40.8,24.9
Adair County,OK,33,24.5
Muskogee County,OK,48.5,27.7
Le Flore County,OK,37,30.3
Kiowa County,OK,49.2,37.9
Linn County,OR,53.2,36.2
Tillamook County,OR,62.3,44.6
Benton County,OR,72.1,46.0
Lincoln County,OR,68.1,48.6
Umatilla County,OR,52.8,26.7
Gilliam County,OR,43.5,47.4
Multnomah County,OR,75.9,41.4
Union County,OR,47.3,38.5
Wallowa County,OR,57.3,47.8
Washington County,OR,72.7,39.4
Malheur County,OR,45.1,28.3
Coos County,OR,55.2,40.4
Crook County,OR,48.6,43.8
Baker County,OR,68.7,29.9
Wasco County,OR,62.8,38.3
Deschutes County,OR,66.2,45.3
Columbia County,OR,57.8,31.2
Lane County,OR,65.2,39.0
Jackson County,OR,55.9,39.5
Hood River County,OR,80.9,41.9
Wheeler County,OR,53.5,52.3
Klamath County,OR,48.7,34.9
Morrow County,OR,52.1,27.1
Jefferson County,OR,59.7,37.4
Sherman County,OR,56.2,39.3
Clatsop County,OR,63.3,41.3
Harney County,OR,44.5,42.3
Clackamas County,OR,65.8,41.9
Curry County,OR,53.4,41.1
Polk County,OR,60.7,39.2
Unknown County,OR,0,29.4
Douglas County,OR,50.8,32.3
Marion County,OR,59.8,34.6
Josephine County,OR,48.6,40.9
Yamhill County,OR,60.5,37.4
Lake County,OR,38.4,38.7
Grant County,OR,44.1,41.1
Lehigh County,PA,68.5,34.5
Wayne County,PA,57.9,36.2
Northumberland County,PA,54.7,37.7
Jefferson County,PA,46.2,39.3
Adams County,PA,51.7,37.5
Elk County,PA,53.5,40.8
Clearfield County,PA,47.5,33.5
Lycoming County,PA,49.2,40.0
Fayette County,PA,54.1,34.7
Snyder County,PA,41,39.9
Indiana County,PA,43.5,38.8
Schuylkill County,PA,57,33.6
Clarion County,PA,41.9,37.2
Perry County,PA,45.5,31.5
Forest County,PA,69.4,21.4
Chester County,PA,73,30.2
Susquehanna County,PA,43.9,37.4
Franklin County,PA,46.2,35.5
Berks County,PA,56.1,30.0
Mercer County,PA,50.5,36.7
Butler County,PA,61.3,40.1
Carbon County,PA,57,33.5
Bradford County,PA,40.5,33.9
Beaver County,PA,48.4,41.9
Mifflin County,PA,46.9,38.8
Potter County,PA,34.8,36.5
Warren County,PA,46.6,39.2
Cumberland County,PA,64.7,29.9
Dauphin County,PA,58.6,29.8
Venango County,PA,43.3,38.8
Erie County,PA,56.4,39.4
Sullivan County,PA,51.4,41.7
Clinton County,PA,42,40.3
Allegheny County,PA,66.3,38.0
Huntingdon County,PA,48.5,32.3
Cambria County,PA,53.1,39.2
Cameron County,PA,52.8,41.8
Lancaster County,PA,55.6,33.8
Tioga County,PA,43.3,37.0
McKean County,PA,46.2,30.5
Union County,PA,54.5,40.6
Greene County,PA,47.8,33.0
Delaware County,PA,69.3,27.8
Monroe County,PA,56.8,29.9
Lackawanna County,PA,66.4,40.3
Montour County,PA,74.7,45.2
Lebanon County,PA,51.4,32.2
Bucks County,PA,67.9,29.9
Juniata County,PA,38.2,38.0
Blair County,PA,49.5,33.5
Philadelphia County,PA,62.7,22.1
Armstrong County,PA,56.7,39.9
Bedford County,PA,37,39.2
Columbia County,PA,58.2,40.2
Unknown County,PA,0,21.0
Somerset County,PA,45.8,36.8
Wyoming County,PA,56.9,36.2
Crawford County,PA,46.7,39.7
Fulton County,PA,33.9,34.9
Pike County,PA,54.3,29.2
York County,PA,55.1,35.2
Westmoreland County,PA,55,36.0
Luzerne County,PA,60.4,37.2
Washington County,PA,60.5,37.5
Lawrence County,PA,51.2,34.9
Montgomery County,PA,71.7,30.2
Northampton County,PA,64.3,35.9
Centre County,PA,57,39.1
Carolina Municipio,PR,75,28.1
Aibonito Municipio,PR,85.2,35.4
Penuelas Municipio,PR,74.9,25.2
Ponce Municipio,PR,80.4,30.3
Aguadilla Municipio,PR,75.2,24.6
Hatillo Municipio,PR,65.3,28.0
Vieques Municipio,PR,75.9,21.9
Jayuya Municipio,PR,75,26.1
Las Piedras Municipio,PR,68,24.5
Santa Isabel Municipio,PR,67,26.5
Morovis Municipio,PR,66.7,22.9
Lajas Municipio,PR,73,25.4
Guaynabo Municipio,PR,85.5,33.2
Maricao Municipio,PR,64.9,23.7
Naguabo Municipio,PR,59.7,23.3
Hormigueros Municipio,PR,75.6,32.7
Manati Municipio,PR,74.4,25.4
Vega Baja Municipio,PR,77,24.9
Unknown County,PR,0,44.8
Quebradillas Municipio,PR,77.9,25.5
Toa Alta Municipio,PR,64.9,27.0
San Juan Municipio,PR,69.5,28.4
Culebra Municipio,PR,95,18.8
Cayey Municipio,PR,77.4,31.3
Juana Diaz Municipio,PR,69.7,29.2
Aguada Municipio,PR,70.5,21.5
Aguas Buenas Municipio,PR,69.6,25.3
Rincon Municipio,PR,72.1,25.3
Lares Municipio,PR,88,27.3
Barranquitas Municipio,PR,71,29.3
Guayama Municipio,PR,67,31.2
Villalba Municipio,PR,86.1,41.4
Corozal Municipio,PR,74,27.1
Ciales Municipio,PR,77.7,25.6
Toa Baja Municipio,PR,72.1,27.4
San Sebastian Municipio,PR,82.7,28.1
Utuado Municipio,PR,68.7,24.8
Juncos Municipio,PR,69.6,23.2
Fajardo Municipio,PR,73,25.6
Caguas Municipio,PR,76,30.0
Camuy Municipio,PR,73.5,26.6
Isabela Municipio,PR,69.5,23.9
Yabucoa Municipio,PR,71.2,27.9
Canovanas Municipio,PR,71.8,23.5
San German Municipio,PR,72.8,28.7
Trujillo Alto Municipio,PR,46.9,24.2
Barceloneta Municipio,PR,68.7,21.4
Sabana Grande Municipio,PR,78.2,28.0
Loiza Municipio,PR,52.4,15.7
Moca Municipio,PR,73.8,29.4
Maunabo Municipio,PR,69.9,24.8
San Lorenzo Municipio,PR,72.3,23.1
Guanica Municipio,PR,67,30.6
Cabo Rojo Municipio,PR,68.4,32.2
Anasco Municipio,PR,71.9,30.3
Patillas Municipio,PR,74,30.5
Rio Grande Municipio,PR,66.8,22.4
Coamo Municipio,PR,67.5,28.6
Ceiba Municipio,PR,70.2,24.6
Florida Municipio,PR,79.9,22.5
Arecibo Municipio,PR,95,30.4
Vega Alta Municipio,PR,62.8,25.1
Mayaguez Municipio,PR,74.6,32.9
Luquillo Municipio,PR,65.7,24.8
Dorado Municipio,PR,72.3,28.0
Cidra Municipio,PR,72.6,30.0
Arroyo Municipio,PR,68.9,27.0
Gurabo Municipio,PR,62.6,27.8
Bayamon Municipio,PR,83.4,30.9
Catano Municipio,PR,67.5,23.1
Orocovis Municipio,PR,78,31.9
Guayanilla Municipio,PR,76.1,25.8
Las Marias Municipio,PR,82.6,29.9
Adjuntas Municipio,PR,70.2,24.5
Naranjito Municipio,PR,76.4,31.0
Salinas Municipio,PR,72,32.2
Humacao Municipio,PR,75.8,29.7
Comerio Municipio,PR,65.5,31.5
Yauco Municipio,PR,78.5,28.7
Unknown County,PW,0,26.1
Bristol County,RI,75.5,49.5
Unknown County,RI,0,48.5
Providence County,RI,66.6,38.3
Washington County,RI,75.3,50.0
Newport County,RI,75.3,40.2
Kent County,RI,75,46.6
Lancaster County,SC,43.1,29.8
Bamberg County,SC,48.5,29.6
Berkeley County,SC,45.2,27.0
Richland County,SC,58.3,28.1
Marlboro County,SC,41,25.5
Colleton County,SC,45.4,26.0
Lexington County,SC,51.9,32.1
Beaufort County,SC,64.8,32.0
Spartanburg County,SC,41.7,32.0
Anderson County,SC,38.5,33.1
Florence County,SC,51.8,29.6
Clarendon County,SC,44.7,31.5
Greenville County,SC,51.7,32.1
Unknown County,SC,0,30.3
Horry County,SC,54.1,36.8
Chester County,SC,43.4,33.5
Georgetown County,SC,52.3,36.0
Marion County,SC,46.1,32.4
McCormick County,SC,57.1,41.6
Orangeburg County,SC,52.4,30.6
York County,SC,46.3,28.9
Barnwell County,SC,52.7,26.6
Abbeville County,SC,37.9,36.9
Chesterfield County,SC,34.7,27.5
Cherokee County,SC,32.7,27.9
Calhoun County,SC,37.1,33.9
Edgefield County,SC,56.7,26.0
Aiken County,SC,44.6,29.1
Union County,SC,39.4,31.3
Dorchester County,SC,50.5,28.2
Saluda County,SC,28.9,25.3
Hampton County,SC,60.9,29.5
Williamsburg County,SC,54,28.9
Dillon County,SC,42.7,27.6
Sumter County,SC,48.3,24.4
Fairfield County,SC,51.5,32.6
Pickens County,SC,44.4,33.5
Greenwood County,SC,46.1,36.0
Allendale County,SC,54.9,27.2
Charleston County,SC,61.9,35.4
Jasper County,SC,35.9,25.7
Newberry County,SC,50.2,33.9
Lee County,SC,39.4,32.5
Darlington County,SC,46,28.8
Kershaw County,SC,54.6,31.0
Laurens County,SC,36.7,33.8
Oconee County,SC,43.2,37.3
Haakon County,SD,40.2,20.1
Jerauld County,SD,48.7,47.7
Perkins County,SD,31.2,40.4
Pennington County,SD,54.5,31.0
Douglas County,SD,49.6,38.9
Brown County,SD,53.6,37.1
Potter County,SD,58.5,43.5
Lyman County,SD,59.6,30.3
Moody County,SD,45.8,35.9
Mellette County,SD,32.5,17.3
Davison County,SD,57.4,34.0
Union County,SD,49,27.8
Beadle County,SD,46.6,40.0
Minnehaha County,SD,62.6,33.9
Grant County,SD,46.4,36.3
Hamlin County,SD,43.7,36.4
Lawrence County,SD,52.8,22.0
Tripp County,SD,43,37.1
Brule County,SD,51.6,30.5
Kingsbury County,SD,64.1,43.2
Spink County,SD,50.1,48.9
Hutchinson County,SD,51.8,46.2
Hughes County,SD,68,39.5
Bennett County,SD,52.8,24.3
Walworth County,SD,44.9,40.8
Todd County,SD,58.1,20.1
Hand County,SD,46.6,42.4
Ziebach County,SD,29,23.3
Sully County,SD,42.8,36.3
Lake County,SD,47.9,37.8
Unknown County,SD,0,54.6
Campbell County,SD,45.6,41.3
Gregory County,SD,48,40.2
Charles Mix County,SD,50.9,38.9
Jones County,SD,67.9,25.9
Hyde County,SD,52.1,43.1
Marshall County,SD,50.2,46.9
Clay County,SD,64.8,40.8
Brookings County,SD,49.1,38.5
Miner County,SD,51.6,42.1
Sanborn County,SD,52.6,45.9
Meade County,SD,52,19.0
Hanson County,SD,40.5,32.8
Jackson County,SD,45.1,21.8
Roberts County,SD,66.6,31.0
Stanley County,SD,56.4,36.0
Clark County,SD,48,30.4
McPherson County,SD,38.5,54.5
Codington County,SD,51.9,38.6
McCook County,SD,54.1,37.5
Dewey County,SD,65.5,23.0
Lincoln County,SD,55.2,34.6
Custer County,SD,48.6,22.9
Turner County,SD,50.8,39.7
Day County,SD,62,41.5
Bon Homme County,SD,55.1,42.2
Butte County,SD,37.8,27.0
Corson County,SD,34.8,27.1
Oglala Lakota County,SD,69.7,23.7
Edmunds County,SD,43.9,41.8
Fall River County,SD,59.9,17.0
Yankton County,SD,61.2,40.9
Buffalo County,SD,56.2,20.0
Aurora County,SD,51.3,38.5
Deuel County,SD,44.3,37.6
Harding County,SD,18.1,35.3
Faulk County,SD,52.4,43.2
Hamilton County,TN,54.5,39.2
Haywood County,TN,49.1,33.3
Grundy County,TN,29.2,29.9
Lawrence County,TN,35.1,32.9
Bedford County,TN,40,28.4
Jefferson County,TN,47.9,36.0
Cheatham County,TN,48.3,36.3
Dyer County,TN,37.9,29.5
McNairy County,TN,45.5,31.0
Cumberland County,TN,45,45.5
Monroe County,TN,41.6,36.6
Hardin County,TN,38.9,34.3
Marion County,TN,43.1,33.7
Sevier County,TN,48,34.0
Putnam County,TN,49,35.8
White County,TN,40.9,37.3
Moore County,TN,21.1,38.2
Anderson County,TN,53.4,39.9
Sumner County,TN,45.7,36.0
Meigs County,TN,66,36.3
Henderson County,TN,39.6,34.2
Unknown County,TN,0,39.5
Bradley County,TN,39.7,32.7
Benton County,TN,42.3,40.5
Davidson County,TN,61.8,37.9
Madison County,TN,52.1,37.8
Lake County,TN,33.5,21.2
Johnson County,TN,35.5,31.9
Coffee County,TN,43.9,34.3
Crockett County,TN,45.9,33.0
Hardeman County,TN,43.9,30.8
Carter County,TN,38.6,34.9
Hamblen County,TN,40.6,33.7
Maury County,TN,61.4,34.2
Trousdale County,TN,35.1,32.0
Weakley County,TN,36.3,33.6
Dickson County,TN,46.1,34.4
Greene County,TN,44.5,37.1
Grainger County,TN,47.3,34.6
Morgan County,TN,49.6,30.3
Jackson County,TN,32.4,38.8
Lewis County,TN,34.2,34.7
Polk County,TN,40.3,35.8
Lauderdale County,TN,35.8,28.3
Knox County,TN,57.6,40.1
Scott County,TN,34.9,30.0
Obion County,TN,38.8,28.3
McMinn County,TN,38.2,34.4
Carroll County,TN,45.9,35.6
Blount County,TN,50,39.4
Robertson County,TN,49.6,31.8
Wayne County,TN,39.3,31.5
Marshall County,TN,40.4,33.5
Cannon County,TN,30.3,34.2
DeKalb County,TN,39.4,36.0
Giles County,TN,37,34.6
Unicoi County,TN,52,37.6
Henry County,TN,44.8,38.5
Rhea County,TN,41.3,33.3
Perry County,TN,39.1,37.5
Hawkins County,TN,42.5,33.3
Chester County,TN,34,34.2
Fayette County,TN,52.8,34.9
Union County,TN,33.4,36.3
Hancock County,TN,31.5,33.4
Bledsoe County,TN,34,33.1
Pickett County,TN,42.5,43.2
Wilson County,TN,50.7,35.9
Tipton County,TN,38.1,28.1
Clay County,TN,27.9,39.6
Overton County,TN,34.1,40.1
Gibson County,TN,43.1,35.2
Decatur County,TN,36.5,36.8
Macon County,TN,30.2,31.8
Fentress County,TN,32.3,33.4
Cocke County,TN,47.3,31.0
Franklin County,TN,39.2,37.8
Washington County,TN,57.1,38.1
Shelby County,TN,51.9,31.2
Sequatchie County,TN,33.4,37.1
Loudon County,TN,61.3,43.6
Lincoln County,TN,39.9,34.1
Roane County,TN,43,39.1
Montgomery County,TN,55.4,21.3
Humphreys County,TN,40,29.7
Rutherford County,TN,50.9,31.4
Campbell County,TN,41.6,32.9
Williamson County,TN,63.4,41.9
Van Buren County,TN,56,38.6
Stewart County,TN,40.7,35.2
Hickman County,TN,40.7,35.2
Claiborne County,TN,42.1,29.5
Sullivan County,TN,53.9,36.8
Smith County,TN,31.4,33.9
Warren County,TN,39.4,36.6
Houston County,TN,40.7,35.8
Galveston County,TX,57.1,33.3
Caldwell County,TX,52,24.9
Hall County,TX,41.6,34.3
Archer County,TX,45.7,30.3
Cooke County,TX,35.9,26.5
Coke County,TX,37.1,35.8
Motley County,TX,27.5,35.2
Coryell County,TX,45,24.4
Maverick County,TX,81.4,20.3
Ellis County,TX,50.6,25.7
Hardin County,TX,36,28.3
Cochran County,TX,50.4,20.1
Carson County,TX,34.9,29.8
Jack County,TX,38.3,24.1
Moore County,TX,42.4,19.2
Calhoun County,TX,49,30.4
Upshur County,TX,32.4,29.8
Young County,TX,39.8,28.5
Freestone County,TX,36.5,22.8
Ector County,TX,40.1,21.3
Bee County,TX,47.3,26.0
Loving County,TX,0,0.0
Baylor County,TX,39.1,23.6
Brewster County,TX,56.3,31.1
Eastland County,TX,35.5,30.3
Unknown County,TX,0,49.4
Cottle County,TX,32,32.4
Garza County,TX,49.9,11.8
Briscoe County,TX,42.8,53.5
Taylor County,TX,46.4,28.6
Wharton County,TX,46.8,25.8
Rusk County,TX,36.2,27.4
Robertson County,TX,42,26.2
Concho County,TX,47.4,34.9
Wise County,TX,36.9,25.0
McCulloch County,TX,36.8,33.9
Stephens County,TX,35.1,27.0
San Patricio County,TX,52.7,28.0
Atascosa County,TX,47.4,26.0
Erath County,TX,35.7,28.1
Trinity County,TX,37.6,31.2
Tarrant County,TX,53.4,28.2
Jackson County,TX,42.6,28.1
Tom Green County,TX,49.8,30.5
Hemphill County,TX,40,31.7
Culberson County,TX,50.6,31.4
Deaf Smith County,TX,40.4,24.9
Stonewall County,TX,38.7,33.5
Morris County,TX,40.3,30.3
Dallas County,TX,56.7,27.1
Zapata County,TX,57.8,22.6
Scurry County,TX,44.9,27.0
Tyler County,TX,34.4,31.3
Mills County,TX,42.2,37.0
Nacogdoches County,TX,45,30.2
Willacy County,TX,60,24.5
Callahan County,TX,35.3,31.3
Hood County,TX,45.8,35.7
Burleson County,TX,46.6,29.1
Kendall County,TX,58.9,35.3
Wheeler County,TX,39.2,30.3
Rains County,TX,35,29.5
Blanco County,TX,50.7,35.2
Throckmorton County,TX,39.7,38.1
Bastrop County,TX,54,26.1
Goliad County,TX,40.5,33.9
Brazos County,TX,48.8,26.7
Real County,TX,47.9,35.6
Gaines County,TX,20.7,19.3
McMullen County,TX,43.7,26.5
Parker County,TX,43.1,28.1
Edwards County,TX,39,27.6
Kleberg County,TX,58.2,30.7
Hansford County,TX,40.6,25.5
Howard County,TX,36.3,17.9
Harrison County,TX,38.1,28.3
San Jacinto County,TX,32.7,28.6
Refugio County,TX,51.4,33.1
Haskell County,TX,36.4,26.1
Andrews County,TX,41.8,25.5
Roberts County,TX,32.9,29.9
McLennan County,TX,48.7,27.5
Burnet County,TX,50.1,32.3
Kaufman County,TX,48.7,25.0
DeWitt County,TX,43.2,29.0
Llano County,TX,49,38.4
Bexar County,TX,64.8,28.7
Somervell County,TX,43.2,32.4
Karnes County,TX,54.3,21.3
Lipscomb County,TX,32.9,22.2
Schleicher County,TX,41.4,32.4
King County,TX,0,0.0
Kenedy County,TX,52.5,34.0
Mitchell County,TX,34.4,32.9
Presidio County,TX,95,27.0
Johnson County,TX,43.1,26.3
La Salle County,TX,60.2,29.1
Nolan County,TX,40,35.2
Bell County,TX,56.1,18.8
Brazoria County,TX,54.9,29.5
Duval County,TX,58.1,31.1
Harris County,TX,59.9,26.6
Camp County,TX,37.4,29.7
Falls County,TX,43.5,24.4
Lampasas County,TX,44.5,28.8
Menard County,TX,52,40.8
Collingsworth County,TX,31.3,39.6
Hardeman County,TX,44.4,31.9
Glasscock County,TX,41.4,18.8
Childress County,TX,44.1,28.4
Cameron County,TX,72,25.6
Mason County,TX,45.4,41.4
Hutchinson County,TX,33,29.7
Marion County,TX,38.7,29.4
San Augustine County,TX,38.9,32.4
Williamson County,TX,64.5,31.5
Shelby County,TX,34,23.6
Navarro County,TX,42.4,26.5
Jeff Davis County,TX,51.5,32.3
Collin County,TX,63.7,30.5
Panola County,TX,36,27.1
Kinney County,TX,47.3,25.8
Kent County,TX,36.9,35.2
Zavala County,TX,49.7,28.3
Guadalupe County,TX,51.7,28.2
Armstrong County,TX,38.6,28.6
Montague County,TX,33.4,30.8
Frio County,TX,55.7,19.7
Hockley County,TX,40.2,25.2
Hartley County,TX,46.3,30.9
Yoakum County,TX,38.3,23.6
Angelina County,TX,44.5,31.3
Castro County,TX,40.6,26.8
Coleman County,TX,35.5,31.9
Crosby County,TX,42.5,31.7
Crane County,TX,34.4,24.0
Irion County,TX,42.4,31.2
Randall County,TX,43.8,29.2
Smith County,TX,43.4,30.3
Martin County,TX,29.8,21.6
Ward County,TX,34.9,23.0
Val Verde County,TX,62.7,16.9
Red River County,TX,39.4,24.1
Franklin County,TX,34.9,31.6
Grimes County,TX,48.9,25.8
Sabine County,TX,35.6,33.5
Lynn County,TX,37,23.9
Hale County,TX,41.2,20.4
Sherman County,TX,32.5,15.0
Reeves County,TX,48.4,21.5
Runnels County,TX,42.8,29.5
Jasper County,TX,34.4,31.0
Shackelford County,TX,35.3,30.8
Washington County,TX,48.4,34.6
Jim Wells County,TX,51.1,32.3
Cherokee County,TX,37,28.6
El Paso County,TX,73.9,24.4
Wood County,TX,41.1,35.4
Clay County,TX,41.7,31.5
Jones County,TX,41.6,27.7
Gillespie County,TX,51.5,36.0
Bailey County,TX,36.7,25.2
Wilbarger County,TX,49.3,29.2
Newton County,TX,24.1,31.0
Titus County,TX,36.1,23.5
Parmer County,TX,38.3,27.9
Polk County,TX,44.9,34.4
Palo Pinto County,TX,35.6,31.0
Winkler County,TX,36.6,25.1
Kimble County,TX,41.7,36.0
Nueces County,TX,54.6,31.6
Bowie County,TX,36.7,26.6
Montgomery County,TX,51.4,26.5
Potter County,TX,42.3,25.8
Bandera County,TX,43.7,33.6
Sutton County,TX,41.6,27.8
Crockett County,TX,44.5,33.6
Lee County,TX,45.1,28.9
Aransas County,TX,54.4,36.8
Foard County,TX,41.2,34.5
Grayson County,TX,42.7,30.1
Victoria County,TX,46.4,29.6
Jefferson County,TX,48,28.3
Orange County,TX,34.6,27.4
Donley County,TX,32.6,30.9
Hamilton County,TX,50,31.9
Wichita County,TX,49.5,28.0
Brown County,TX,39.4,26.8
Ochiltree County,TX,37,14.9
Fisher County,TX,34.3,28.5
Hopkins County,TX,37.4,25.9
Denton County,TX,58.6,31.6
Live Oak County,TX,40.5,24.7
Hunt County,TX,40.5,26.6
Liberty County,TX,39.1,20.6
Wilson County,TX,49.9,28.8
Reagan County,TX,37.7,20.8
Gregg County,TX,42.7,28.8
Comanche County,TX,43.6,33.8
Upton County,TX,39,37.9
Knox County,TX,37.8,25.6
Leon County,TX,34,25.1
Lavaca County,TX,39.9,31.1
Fayette County,TX,47.9,31.8
Henderson County,TX,37.2,32.4
Starr County,TX,70.6,27.4
Floyd County,TX,43.3,32.8
Sterling County,TX,38.4,23.2
Matagorda County,TX,44.5,27.3
Jim Hogg County,TX,53,24.9
Delta County,TX,33.8,27.1
Chambers County,TX,44.6,23.2
Gonzales County,TX,47,25.7
Hill County,TX,38.9,27.4
Hudspeth County,TX,62,23.2
Lamar County,TX,37.6,31.2
Dallam County,TX,41.2,21.1
Dawson County,TX,32,20.6
Fort Bend County,TX,67.5,31.5
Cass County,TX,33.5,28.7
Dickens County,TX,32.1,34.6
Borden County,TX,32.9,16.7
Hays County,TX,58.5,30.0
San Saba County,TX,35.1,21.7
Oldham County,TX,33.9,23.2
Anderson County,TX,37.7,21.5
Kerr County,TX,48.6,33.0
Fannin County,TX,42,27.8
Travis County,TX,66.3,33.8
Midland County,TX,40.8,23.3
Limestone County,TX,35.3,27.9
Dimmit County,TX,64,25.5
Brooks County,TX,58.7,30.2
Lamb County,TX,40.7,30.5
Terrell County,TX,51.3,35.4
Terry County,TX,40.3,29.2
Hidalgo County,TX,65.8,23.3
Van Zandt County,TX,36,29.8
Swisher County,TX,38.7,28.8
Lubbock County,TX,46,27.6
Pecos County,TX,54.1,29.9
Colorado County,TX,48.8,30.8
Webb County,TX,80.3,16.9
Austin County,TX,44.9,28.1
Rockwall County,TX,55.3,28.0
Uvalde County,TX,50.9,31.9
Walker County,TX,45.7,25.1
Waller County,TX,39.3,23.4
Houston County,TX,39.6,29.6
Milam County,TX,42.8,29.6
Gray County,TX,45.4,26.2
Comal County,TX,57.2,31.3
Madison County,TX,38.2,29.0
Bosque County,TX,44,31.6
Medina County,TX,52.5,30.7
Uintah County,UT,39,23.8
Piute County,UT,37.4,34.9
Utah County,UT,51.5,23.4
Beaver County,UT,44.1,31.5
Salt Lake County,UT,64.5,33.3
Wayne County,UT,52.9,35.9
Carbon County,UT,45.7,35.6
Cache County,UT,53.5,26.9
Duchesne County,UT,41.1,24.5
Rich County,UT,47.9,34.5
Juab County,UT,34.9,29.1
Unknown County,UT,0,14.4
Iron County,UT,42.4,27.2
Garfield County,UT,53.8,31.8
Daggett County,UT,62.2,27.4
Sevier County,UT,41.2,29.4
Kane County,UT,47.7,38.1
Grand County,UT,63.7,35.8
Box Elder County,UT,48,28.7
Summit County,UT,83,38.4
Davis County,UT,61.8,31.6
Emery County,UT,43,35.9
San Juan County,UT,58.3,35.1
Millard County,UT,42,29.2
Tooele County,UT,54.5,26.3
Wasatch County,UT,56.2,31.4
Morgan County,UT,49.4,31.4
Sanpete County,UT,38.3,27.8
Weber County,UT,55.8,29.6
Washington County,UT,48.5,34.0
Buena Vista city,VA,0,0.0
Norfolk city,VA,52.2,26.6
Roanoke city,VA,40.2,7.5
Franklin County,VA,42,27.2
Southampton County,VA,35.8,7.6
Caroline County,VA,38.5,10.5
Lunenburg County,VA,47,29.1
Richmond city,VA,41.7,19.1
Covington city,VA,0,0.0
James City County,VA,52.4,13.1
Norton city,VA,0,0.0
Mathews County,VA,58.6,42.7
Montgomery County,VA,44.9,31.3
Shenandoah County,VA,47.3,31.1
Patrick County,VA,38.3,30.4
Floyd County,VA,37.1,13.9
Surry County,VA,52.6,27.8
Cumberland County,VA,34.9,7.3
Winchester city,VA,42.4,3.0
Henrico County,VA,53.5,18.2
Frederick County,VA,46.4,16.6
Hopewell city,VA,29.5,0.8
Williamsburg city,VA,39.2,3.7
Amherst County,VA,45.1,31.6
Rockbridge County,VA,45.2,15.9
Emporia city,VA,0,0.0
Franklin city,VA,0,0.0
Fauquier County,VA,57.1,26.5
Halifax County,VA,41.8,19.6
Fredericksburg city,VA,38.3,2.9
Newport News city,VA,50.9,20.1
Alexandria city,VA,59.2,25.8
Louisa County,VA,40.9,5.7
Page County,VA,36.7,14.4
Unknown County,VA,0,89.5
Portsmouth city,VA,87.3,10.3
Lexington city,VA,39.2,1.0
Bland County,VA,37.6,9.4
Giles County,VA,43.9,24.0
Chesterfield County,VA,53.7,23.7
Powhatan County,VA,38.6,0.7
Prince Edward County,VA,30.6,4.1
Chesapeake city,VA,42.9,9.5
Spotsylvania County,VA,43.2,8.4
Virginia Beach city,VA,55.5,27.3
Galax city,VA,0,0.0
Madison County,VA,52.8,36.8
Bedford County,VA,42.9,22.1
Goochland County,VA,63.8,33.1
Northumberland County,VA,52.8,23.0
Appomattox County,VA,32.1,2.1
Craig County,VA,32.6,6.3
Fairfax city,VA,56.7,4.7
Roanoke County,VA,48.6,6.8
Sussex County,VA,34.4,13.2
King William County,VA,49.8,27.8
Petersburg city,VA,33.4,2.6
Arlington County,VA,71.2,20.9
Rappahannock County,VA,50.7,24.9
Scott County,VA,53.9,22.9
Dickenson County,VA,44.8,29.2
Richmond County,VA,40.1,8.8
Lynchburg city,VA,30.5,0.9
Charles City County,VA,46.9,3.4
Radford city,VA,34.6,2.9
Rockingham County,VA,42.2,16.9
Clarke County,VA,60.7,36.1
Poquoson city,VA,0,0.0
Charlotte County,VA,37.6,10.6
Prince George County,VA,55.9,0.4
Prince William County,VA,68.1,28.2
Manassas city,VA,47,1.9
Greensville County,VA,34.9,5.9
Orange County,VA,41.7,8.1
Greene County,VA,45.3,3.2
Loudoun County,VA,68.8,30.3
Henry County,VA,38.2,15.9
Middlesex County,VA,60.8,44.4
Albemarle County,VA,62.7,22.9
Pittsylvania County,VA,40.5,21.3
Amelia County,VA,33.7,0.8
Buckingham County,VA,38.4,13.3
Martinsville city,VA,0,0.0
Pulaski County,VA,42.3,20.5
Wise County,VA,45,24.4
Tazewell County,VA,41.6,28.3
Essex County,VA,45.2,11.5
Bath County,VA,42.8,17.0
Westmoreland County,VA,44.2,13.4
Isle of Wight County,VA,47,14.1
Stafford County,VA,52.6,24.1
Salem city,VA,0,0.0
Bristol city,VA,65.6,30.4
Hampton city,VA,58.1,18.1
Russell County,VA,45.3,28.1
Falls Church city,VA,54.8,3.1
Augusta County,VA,47.6,24.1
York County,VA,55.9,34.3
Suffolk city,VA,48.8,23.8
Smyth County,VA,46.2,25.3
Washington County,VA,55.2,31.1
Alleghany County,VA,39,4.8
Northampton County,VA,68,38.2
Waynesboro city,VA,42.7,3.1
Mecklenburg County,VA,41.4,11.0
Fluvanna County,VA,60.1,37.4
Staunton city,VA,46.5,2.2
Manassas Park city,VA,0,0.0
Wythe County,VA,37.7,26.8
Highland County,VA,58.8,52.2
Accomack County,VA,68.5,31.9
Gloucester County,VA,57.5,39.2
Brunswick County,VA,48.2,23.8
Grayson County,VA,39.5,24.0
Danville city,VA,0,0.0
Lee County,VA,48.5,27.2
Harrisonburg city,VA,37.6,1.3
Charlottesville city,VA,49.8,7.7
Nelson County,VA,54.7,26.7
Hanover County,VA,57.3,24.4
Carroll County,VA,32.2,14.2
Campbell County,VA,39.2,18.6
Botetourt County,VA,47.7,21.2
Nottoway County,VA,42.5,19.7
King and Queen County,VA,48.2,25.1
Buchanan County,VA,45.9,28.9
Dinwiddie County,VA,45.4,22.6
Colonial Heights city,VA,36.1,1.0
Culpeper County,VA,44.6,12.7
New Kent County,VA,49.8,22.7
Fairfax County,VA,74.2,31.3
Lancaster County,VA,58.8,31.3
Warren County,VA,36.1,6.0
King George County,VA,44,4.0
St. Thomas Island,VI,0,18.1
St. Croix Island,VI,0,24.8
Unknown County,VI,0,30.3
St. John Island,VI,0,21.9
Bennington County,VT,41.5,49.8
Unknown County,VT,0,51.2
Rutland County,VT,66.8,48.6
Essex County,VT,38.5,31.1
Lamoille County,VT,59.8,49.0
Orange County,VT,50.2,41.9
Washington County,VT,45.5,55.3
Grand Isle County,VT,77.3,50.6
Caledonia County,VT,34.9,43.9
Addison County,VT,68.3,54.8
Orleans County,VT,55.9,46.6
Franklin County,VT,35.2,45.0
Windham County,VT,65.1,42.9
Chittenden County,VT,71,51.3
Windsor County,VT,48.6,38.3
Chelan County,WA,67.4,40.9
Island County,WA,63.1,44.7
Skagit County,WA,63.8,41.9
Lincoln County,WA,51.3,40.8
Yakima County,WA,58.2,29.8
King County,WA,77.2,43.7
Walla Walla County,WA,60.9,39.1
Franklin County,WA,48.9,26.7
Garfield County,WA,37.9,56.1
Thurston County,WA,63.1,41.9
Unknown County,WA,0,17.9
Kittitas County,WA,51.7,39.7
Jefferson County,WA,74.4,58.8
Clark County,WA,61.1,37.2
Grays Harbor County,WA,56,36.0
Pend Oreille County,WA,38.2,41.6
Mason County,WA,57.1,38.4
Kitsap County,WA,63,40.2
Asotin County,WA,39.6,38.6
Lewis County,WA,48.7,31.2
Douglas County,WA,58.7,35.7
Skamania County,WA,37,44.9
Grant County,WA,53.7,28.9
Whitman County,WA,44.6,36.1
Pacific County,WA,53.2,39.6
Snohomish County,WA,66.5,37.3
San Juan County,WA,77.8,58.6
Cowlitz County,WA,55.9,37.7
Stevens County,WA,37.5,40.0
Adams County,WA,55.2,24.3
Benton County,WA,53.8,36.3
Pierce County,WA,60.5,32.3
Columbia County,WA,45,41.9
Wahkiakum County,WA,47.7,39.9
Ferry County,WA,53.1,36.5
Spokane County,WA,57.8,34.3
Klickitat County,WA,45.9,41.1
Okanogan County,WA,65.2,34.7
Clallam County,WA,65.7,52.6
Whatcom County,WA,68.4,38.3
Waukesha County,WI,66.8,45.5
St. Croix County,WI,47.5,39.5
Washington County,WI,55,43.4
Price County,WI,59.6,48.8
Fond du Lac County,WI,52.7,43.4
Taylor County,WI,33.9,45.6
Waupaca County,WI,51.9,47.6
Jackson County,WI,47.9,47.3
Florence County,WI,53.6,31.5
Burnett County,WI,54.1,46.3
Dane County,WI,79.6,51.7
Grant County,WI,52.7,46.3
Wood County,WI,58.7,47.2
Clark County,WI,35.6,42.7
Pepin County,WI,47.4,47.4
Columbia County,WI,64.1,47.1
Winnebago County,WI,58.2,47.6
Bayfield County,WI,78.3,52.1
Calumet County,WI,53.5,48.3
Iron County,WI,64.1,39.7
Chippewa County,WI,54.4,48.2
Ozaukee County,WI,68.7,47.7
Ashland County,WI,67.1,45.2
Dodge County,WI,49.3,43.0
Marinette County,WI,50.8,42.4
Adams County,WI,54.1,47.4
Sheboygan County,WI,58.9,43.4
Juneau County,WI,50.3,45.2
Walworth County,WI,51.1,41.6
Pierce County,WI,42,41.0
Sauk County,WI,60.6,48.2
Douglas County,WI,41.8,39.0
Iowa County,WI,66.4,51.3
Forest County,WI,57.2,42.4
Polk County,WI,48.7,48.7
Crawford County,WI,56,50.8
Washburn County,WI,61,51.6
Rock County,WI,65.6,41.1
Outagamie County,WI,60.9,45.5
Marathon County,WI,57.1,43.2
Buffalo County,WI,48.5,42.6
Dunn County,WI,46.8,47.5
Vernon County,WI,53.1,53.2
Door County,WI,75,55.9
Racine County,WI,57.2,41.8
Milwaukee County,WI,60.1,37.7
Menominee County,WI,76.4,32.4
La Crosse County,WI,65.8,49.9
Oconto County,WI,50.7,49.5
Monroe County,WI,50.9,43.5
Sawyer County,WI,57.6,49.0
Green County,WI,61.5,52.6
Langlade County,WI,51.8,48.6
Vilas County,WI,63.4,46.5
Jefferson County,WI,54.8,43.9
Kenosha County,WI,55.9,38.7
Oneida County,WI,62.9,49.4
Richland County,WI,56.3,53.1
Rusk County,WI,39.2,47.3
Trempealeau County,WI,62.9,45.9
Lincoln County,WI,53,50.5
Waushara County,WI,42.8,49.2
Lafayette County,WI,57.7,47.4
Brown County,WI,61.5,46.7
Unknown County,WI,0,40.6
Shawano County,WI,51,44.3
Barron County,WI,51.3,50.1
Eau Claire County,WI,59.3,49.0
Manitowoc County,WI,57.7,45.5
Marquette County,WI,51.4,51.2
Green Lake County,WI,53.1,51.3
Kewaunee County,WI,49.9,51.5
Portage County,WI,59.3,42.5
Gilmer County,WV,58.3,37.2
Clay County,WV,53.4,42.1
Summers County,WV,61.2,39.9
Boone County,WV,46.1,34.7
Putnam County,WV,56,41.0
Wyoming County,WV,51.1,31.7
Marion County,WV,54.7,41.8
Hancock County,WV,64,38.7
Wayne County,WV,51.4,31.6
Tucker County,WV,58.7,40.7
Wood County,WV,56.4,32.8
McDowell County,WV,49.5,24.3
Webster County,WV,45.6,40.4
Mason County,WV,47.3,34.0
Grant County,WV,42.8,37.7
Fayette County,WV,53.6,36.2
Mineral County,WV,48.7,31.6
Calhoun County,WV,32.9,31.4
Mercer County,WV,51,34.7
Ohio County,WV,64.2,42.4
Unknown County,WV,0,54.4
Tyler County,WV,40.8,40.4
Monongalia County,WV,56.9,39.4
Hampshire County,WV,44.1,31.8
Taylor County,WV,45.9,40.1
Harrison County,WV,50.2,40.4
Marshall County,WV,43.5,41.6
Logan County,WV,54.8,28.1
Randolph County,WV,52.6,38.6
Jefferson County,WV,59.7,32.3
Ritchie County,WV,47.6,35.9
Jackson County,WV,50.3,41.3
Barbour County,WV,47,41.4
Pleasants County,WV,50.3,38.5
Wirt County,WV,46,22.8
Roane County,WV,45.1,23.8
Hardy County,WV,52.7,37.8
Berkeley County,WV,51.6,27.8
Morgan County,WV,39.1,29.1
Nicholas County,WV,50.6,45.2
Preston County,WV,52.9,37.1
Raleigh County,WV,52.1,34.2
Lincoln County,WV,48.9,35.9
Kanawha County,WV,63.4,43.3
Mingo County,WV,38.8,28.2
Greenbrier County,WV,53.3,41.0
Upshur County,WV,48.6,41.0
Wetzel County,WV,55.6,41.5
Braxton County,WV,43.2,40.6
Lewis County,WV,55.6,41.5
Doddridge County,WV,57.1,42.7
Pendleton County,WV,56.7,43.8
Monroe County,WV,47.1,38.1
Pocahontas County,WV,51,45.9
Cabell County,WV,57.7,39.7
Brooke County,WV,48.2,38.9
Niobrara County,WY,30.1,35.8
Johnson County,WY,40.5,41.8
Unknown County,WY,0,34.6
Weston County,WY,34.5,39.6
Washakie County,WY,40.3,43.0
Goshen County,WY,37.4,42.0
Fremont County,WY,60.8,33.6
Hot Springs County,WY,46.2,47.5
Campbell County,WY,27.9,28.2
Sheridan County,WY,48.9,40.7
Platte County,WY,39.2,41.1
Sublette County,WY,33.1,40.4
Sweetwater County,WY,44.1,34.5
Carbon County,WY,42.4,32.6
Park County,WY,44,43.5
Converse County,WY,31.7,36.4
Teton County,WY,88.7,37.5
Uinta County,WY,46.2,33.2
Big Horn County,WY,36,33.1
Natrona County,WY,42.1,38.0
Lincoln County,WY,39.8,35.3
Laramie County,WY,50.8,32.8
Albany County,WY,51.6,37.6
Crook County,WY,28.3,37.5
